"decimalLatitude","decimalLongitude","individualCount","family","species","year","month","day","gbifID","lifeStage"
39.497918,-88.233127,NA,"Brassicaceae","Arabis laevigata",2021,4,25,"4081312018",NA
40.538192,-78.156206,NA,"Brassicaceae","Arabis laevigata",2019,6,20,"2859221996",NA
39.194591,-86.514367,NA,"Brassicaceae","Arabis laevigata",2017,4,11,"2270496976",NA
39.767868,-78.447865,NA,"Brassicaceae","Arabis laevigata",2015,5,13,"2859479482",NA
40.977311,-75.141169,NA,"Brassicaceae","Arabis laevigata",2015,5,21,"2859505512",NA
41.754,-74.153,1,"Brassicaceae","Arabis laevigata",2014,5,5,"3408370289","Flowering"
38.892,-78.146,NA,"Brassicaceae","Arabis laevigata",2013,5,1,"2251340350",NA
38.892,-78.146,NA,"Brassicaceae","Arabis laevigata",2013,5,1,"2251340123",NA
38.892,-78.146,NA,"Brassicaceae","Arabis laevigata",2013,5,1,"2251341185",NA
36.390481,-83.853842,NA,"Brassicaceae","Arabis laevigata",2012,3,21,"1989999852",NA
40.486016,-78.161855,NA,"Brassicaceae","Arabis laevigata",2012,4,18,"2859480786",NA
41.754,-74.153,5,"Brassicaceae","Arabis laevigata",2012,5,3,"3408441076",NA
41.754,-74.153,1,"Brassicaceae","Arabis laevigata",2011,4,28,"3408334896",NA
41.754,-74.153,1,"Brassicaceae","Arabis laevigata",2011,4,28,"3408331903",NA
41.754,-74.153,1,"Brassicaceae","Arabis laevigata",2011,5,5,"3408369858",NA
37.707481,-84.480286,NA,"Brassicaceae","Arabis laevigata",2010,3,29,"1978074687",NA
41.754,-74.153,1,"Brassicaceae","Arabis laevigata",2010,4,15,"3408330664",NA
40.40931,-79.682272,NA,"Brassicaceae","Arabis laevigata",2009,4,28,"2859095226",NA
41.754,-74.153,1,"Brassicaceae","Arabis laevigata",2009,4,22,"3408438373",NA
41.754,-74.153,1,"Brassicaceae","Arabis laevigata",2009,4,30,"3408396345",NA
40.515714,-79.415426,NA,"Brassicaceae","Arabis laevigata",2009,7,6,"2859364424",NA
40.387588,-79.115874,NA,"Brassicaceae","Arabis laevigata",2008,4,30,"2859111207",NA
41.754,-74.153,1,"Brassicaceae","Arabis laevigata",2008,4,24,"3408330071",NA
41.754,-74.153,2,"Brassicaceae","Arabis laevigata",2008,4,24,"3408327075",NA
41.754,-74.153,1,"Brassicaceae","Arabis laevigata",2008,5,8,"3408393051",NA
40.564721,-79.518233,NA,"Brassicaceae","Arabis laevigata",2008,6,18,"2859401427",NA
40.564721,-79.518233,NA,"Brassicaceae","Arabis laevigata",2008,6,18,"2859105497",NA
34.58,-87.66,NA,"Brassicaceae","Arabis laevigata",2007,4,7,"3744699996",NA
41.754,-74.153,1,"Brassicaceae","Arabis laevigata",2007,4,26,"3408367693",NA
41.754,-74.153,1,"Brassicaceae","Arabis laevigata",2007,4,30,"3408400731",NA
41.754,-74.153,1,"Brassicaceae","Arabis laevigata",2007,5,10,"3408399728",NA
41.754,-74.153,1,"Brassicaceae","Arabis laevigata",2007,5,10,"3408400749",NA
34.53,-86.3,NA,"Brassicaceae","Arabis laevigata",2006,3,25,"3744699990",NA
41.754,-74.153,1,"Brassicaceae","Arabis laevigata",2006,4,20,"3408357324",NA
41.754,-74.153,1,"Brassicaceae","Arabis laevigata",2006,4,20,"3408359320",NA
39.360861,-77.739972,NA,"Brassicaceae","Arabis laevigata",2006,5,2,"4075457724",NA
41.754,-74.153,1,"Brassicaceae","Arabis laevigata",2006,5,2,"3408359338",NA
38.7225,-88.7626,NA,"Brassicaceae","Arabis laevigata",2006,6,23,"4081290132",NA
40.415384,-77.56911,NA,"Brassicaceae","Arabis laevigata",2006,7,18,"2859105499",NA
41.754,-74.153,2,"Brassicaceae","Arabis laevigata",2006,7,7,"3408434542",NA
41.754,-74.153,1,"Brassicaceae","Arabis laevigata",2005,4,25,"3408359011",NA
41.754,-74.153,5,"Brassicaceae","Arabis laevigata",2005,4,26,"3408324038",NA
41.754,-74.153,2,"Brassicaceae","Arabis laevigata",2005,4,29,"3408325053",NA
41.754,-74.153,2,"Brassicaceae","Arabis laevigata",2005,4,29,"3408322058",NA
40.34226,-89.14713,NA,"Brassicaceae","Arabis laevigata",2005,5,24,"4081292583",NA
39.649508,-82.744337,NA,"Brassicaceae","Arabis laevigata",2005,5,7,"4088571077",NA
41.754,-74.153,1,"Brassicaceae","Arabis laevigata",2005,5,14,"3408388046",NA
41.754,-74.153,2,"Brassicaceae","Arabis laevigata",2005,5,14,"3408387061",NA
36.11175,-83.766571,NA,"Brassicaceae","Arabis laevigata",2004,3,28,"1989999720",NA
36.268412,-93.943855,NA,"Brassicaceae","Arabis laevigata",2004,4,3,"3695164192",NA
41.754,-74.153,2,"Brassicaceae","Arabis laevigata",2004,5,6,"3408398823",NA
41.754,-74.153,2,"Brassicaceae","Arabis laevigata",2004,10,21,"3408324934",NA
33.7,-87.47,NA,"Brassicaceae","Arabis laevigata",2003,3,20,"3744699794",NA
40.9802,-74.3216,NA,"Brassicaceae","Arabis laevigata",2003,5,29,"3865100038",NA
40.969584,-76.368944,NA,"Brassicaceae","Arabis laevigata",2003,5,8,"2859245764",NA
40.972803,-76.465563,NA,"Brassicaceae","Arabis laevigata",2003,5,16,"2859243737",NA
41.754,-74.153,1,"Brassicaceae","Arabis laevigata",2003,5,8,"3408432600",NA
40.462017,-78.199732,NA,"Brassicaceae","Arabis laevigata",2003,6,11,"2859368480",NA
40.735612,-75.152743,NA,"Brassicaceae","Arabis laevigata",2003,6,4,"3865094989",NA
41.022694,-76.442254,NA,"Brassicaceae","Arabis laevigata",2003,7,3,"2859222753",NA
41.754,-74.153,1,"Brassicaceae","Arabis laevigata",2002,4,18,"3408398345",NA
41.754,-74.153,1,"Brassicaceae","Arabis laevigata",2002,4,18,"3408422360",NA
41.754,-74.153,1,"Brassicaceae","Arabis laevigata",2001,4,27,"3408355075",NA
41.754,-74.153,1,"Brassicaceae","Arabis laevigata",2001,5,11,"3408350093",NA
35.850868,-84.058839,NA,"Brassicaceae","Arabis laevigata",2000,4,1,"1989999707",NA
41.754,-74.153,1,"Brassicaceae","Arabis laevigata",2000,4,19,"3408349854",NA
35.0748,-82.2335,NA,"Brassicaceae","Arabis laevigata",2000,6,13,"3344418327","Mature"
41.754,-74.153,1,"Brassicaceae","Arabis laevigata",1999,5,10,"3408382713","Flowering"
41.754,-74.153,1,"Brassicaceae","Arabis laevigata",1998,4,17,"3408389522",NA
41.754,-74.153,2,"Brassicaceae","Arabis laevigata",1998,4,21,"3408356508",NA
33.89,-86.82,NA,"Brassicaceae","Arabis laevigata",1997,3,14,"3744700003",NA
41.754,-74.153,1,"Brassicaceae","Arabis laevigata",1997,4,22,"3408354336","Flowering"
41.754,-74.153,1,"Brassicaceae","Arabis laevigata",1997,5,2,"3408417377",NA
41.754,-74.153,4,"Brassicaceae","Arabis laevigata",1997,5,8,"3408390372",NA
41.754,-74.153,1,"Brassicaceae","Arabis laevigata",1996,5,6,"3408311204",NA
41.754,-74.153,1,"Brassicaceae","Arabis laevigata",1996,5,31,"3408313224",NA
41.8306,-77.955646,NA,"Brassicaceae","Arabis laevigata",1996,6,24,"3865100007",NA
41.754,-74.153,1,"Brassicaceae","Arabis laevigata",1995,5,2,"3408348036","Flowering"
41.754,-74.153,1,"Brassicaceae","Arabis laevigata",1994,4,29,"3408419875",NA
37.943544,-81.091241,NA,"Brassicaceae","Arabis laevigata",1993,5,13,"4072331538",NA
37.943544,-81.091241,NA,"Brassicaceae","Arabis laevigata",1993,5,13,"4072316984",NA
41.754,-74.153,1,"Brassicaceae","Arabis laevigata",1993,5,6,"3408388697",NA
34.86888,-93.107078,NA,"Brassicaceae","Arabis laevigata",1991,3,26,"3698763786",NA
41.754,-74.153,1,"Brassicaceae","Arabis laevigata",1991,4,19,"3408346355",NA
41.754,-74.153,1,"Brassicaceae","Arabis laevigata",1991,5,6,"3408312387",NA
41.754,-74.153,1,"Brassicaceae","Arabis laevigata",1991,5,8,"3408345378",NA
41.754,-74.153,1,"Brassicaceae","Arabis laevigata",1991,5,9,"3408346373",NA
38,-85,NA,"Brassicaceae","Arabis laevigata",1990,4,21,"1978037732",NA
38,-85,NA,"Brassicaceae","Arabis laevigata",1990,5,15,"1978037769",NA
38.205556,-84.895833,NA,"Brassicaceae","Arabis laevigata",1990,5,12,"1978077206",NA
42.807002,-87.864613,NA,"Brassicaceae","Arabis laevigata",1989,5,15,"1305236566",NA
43.505933,-88.21057,NA,"Brassicaceae","Arabis laevigata",1989,5,20,"1305236110",NA
34.286655,-84.589067,NA,"Brassicaceae","Arabis laevigata",1988,4,14,"3344418314","Mature"
34.8,-87.7,NA,"Brassicaceae","Arabis laevigata",1988,4,9,"3744699994",NA
43.465018,-88.530965,NA,"Brassicaceae","Arabis laevigata",1988,7,11,"1305235342",NA
43.505933,-88.21057,NA,"Brassicaceae","Arabis laevigata",1988,7,27,"1305235820",NA
43.608221,-88.169127,NA,"Brassicaceae","Arabis laevigata",1987,5,21,"1305228249",NA
43.608221,-88.169127,NA,"Brassicaceae","Arabis laevigata",1987,5,27,"1305228286",NA
39.708887,-78.331352,NA,"Brassicaceae","Arabis laevigata",1986,5,26,"3344418275","Mature"
39.968147,-80.44975,NA,"Brassicaceae","Arabis laevigata",1985,4,17,"2859391540",NA
39.968147,-80.44975,NA,"Brassicaceae","Arabis laevigata",1985,4,17,"3865366007",NA
39.968147,-80.44975,NA,"Brassicaceae","Arabis laevigata",1985,4,17,"3865367022",NA
39.968147,-80.44975,NA,"Brassicaceae","Arabis laevigata",1985,4,17,"3344422608","Mature"
33.24,-87.43,NA,"Brassicaceae","Arabis laevigata",1983,3,29,"3744685541",NA
39.49418,-77.826164,NA,"Brassicaceae","Arabis laevigata",1981,3,29,"2573003317",NA
38.995709,-77.253003,NA,"Brassicaceae","Arabis laevigata",1981,4,4,"2573000936",NA
41.77,-86.25,NA,"Brassicaceae","Arabis laevigata",1981,6,3,"1305258642",NA
36.236763,-91.230901,NA,"Brassicaceae","Arabis laevigata",1980,4,18,"3470664729",NA
36.295942,-91.248085,NA,"Brassicaceae","Arabis laevigata",1980,4,6,"3470664734",NA
34.65,-86.3,NA,"Brassicaceae","Arabis laevigata",1980,5,8,"3744699998",NA
43.840223,-79.093666,NA,"Brassicaceae","Arabis laevigata",1980,5,28,"1899338659",NA
41.754,-74.153,1,"Brassicaceae","Arabis laevigata",1980,5,17,"3408344966","Fruiting"
36.973611,-87.2075,NA,"Brassicaceae","Arabis laevigata",1980,6,12,"1978077167",NA
41.95,-86.3,NA,"Brassicaceae","Arabis laevigata",1980,7,17,"1305258526",NA
42.616667,-80.283333,NA,"Brassicaceae","Arabis laevigata",1980,8,3,"732468998",NA
41.754,-74.153,1,"Brassicaceae","Arabis laevigata",1979,5,1,"3408404943",NA
41.754,-74.153,1,"Brassicaceae","Arabis laevigata",1979,5,6,"3408340928",NA
41.754,-74.153,2,"Brassicaceae","Arabis laevigata",1979,5,10,"3408414945",NA
41.754,-74.153,1,"Brassicaceae","Arabis laevigata",1979,5,19,"3408338929","Fruiting"
41.754,-74.153,1,"Brassicaceae","Arabis laevigata",1979,5,30,"3408418941",NA
39.470899,-86.868743,NA,"Brassicaceae","Arabis laevigata",1978,6,25,"4081337755",NA
33.67,-87.38,NA,"Brassicaceae","Arabis laevigata",1977,4,2,"3744699983",NA
43.608221,-88.169127,NA,"Brassicaceae","Arabis laevigata",1976,5,22,"1305232047",NA
35.29586,-92.390037,NA,"Brassicaceae","Arabis laevigata",1975,3,27,"3897108639",NA
43.025088,-89.829857,NA,"Brassicaceae","Arabis laevigata",1975,5,26,"1305242432",NA
43.300517,-87.993904,NA,"Brassicaceae","Arabis laevigata",1975,6,6,"1305234470",NA
43.505933,-88.21057,NA,"Brassicaceae","Arabis laevigata",1975,6,14,"1305242185",NA
44.3,-76.2,NA,"Brassicaceae","Arabis laevigata",1975,6,13,"732468987",NA
36.321568,-91.12235,NA,"Brassicaceae","Arabis laevigata",1974,3,31,"3470664737",NA
39.901737,-76.366181,NA,"Brassicaceae","Arabis laevigata",1974,5,2,"3331200019",NA
34.52,-87.72,NA,"Brassicaceae","Arabis laevigata",1973,3,28,"3744699995",NA
34.668452,-80.526391,NA,"Brassicaceae","Arabis laevigata",1973,4,14,"2234326301",NA
40.674569,-75.659813,NA,"Brassicaceae","Arabis laevigata",1973,7,6,"4067774760",NA
44.299674,-89.853432,NA,"Brassicaceae","Arabis laevigata",1972,6,14,"1305204696",NA
40.762921,-75.611853,NA,"Brassicaceae","Arabis laevigata",1972,7,23,"4067774761",NA
41.372956,-75.284013,NA,"Brassicaceae","Arabis laevigata",1971,5,31,"4067774731",NA
39.798,-76.295,NA,"Brassicaceae","Arabis laevigata",1970,5,27,"3331197251",NA
41.754,-74.153,1,"Brassicaceae","Arabis laevigata",1970,5,10,"3408305749",NA
41.754,-74.153,2,"Brassicaceae","Arabis laevigata",1970,5,15,"3408379752",NA
39.961029,-76.342286,NA,"Brassicaceae","Arabis laevigata",1969,4,17,"3331191518",NA
39.886018,-91.24889,NA,"Brassicaceae","Arabis laevigata",1968,4,12,"4105811206",NA
39.886018,-91.24889,NA,"Brassicaceae","Arabis laevigata",1968,5,5,"4105811934",NA
40.889749,-75.628643,NA,"Brassicaceae","Arabis laevigata",1968,6,10,"4067774733",NA
40.889749,-75.628643,NA,"Brassicaceae","Arabis laevigata",1968,6,10,"4067774728",NA
41.153495,-74.574829,NA,"Brassicaceae","Arabis laevigata",1967,5,6,"2242396840",NA
40.87435,-75.613566,NA,"Brassicaceae","Arabis laevigata",1967,6,28,"4067774729",NA
35.935338,-83.930679,NA,"Brassicaceae","Arabis laevigata",1966,3,21,"1989999757",NA
35.946558,-83.916318,NA,"Brassicaceae","Arabis laevigata",1965,4,10,"1989999724",NA
45.033333,-74.666667,NA,"Brassicaceae","Arabis laevigata",1964,5,28,"732468991",NA
45.033333,-74.566667,NA,"Brassicaceae","Arabis laevigata",1964,5,28,"732468992",NA
39.827415,-76.290777,NA,"Brassicaceae","Arabis laevigata",1963,4,29,"3865367019",NA
45.266667,-74.183333,NA,"Brassicaceae","Arabis laevigata",1963,6,27,"732468986",NA
44.15,-77.3,NA,"Brassicaceae","Arabis laevigata",1963,6,15,"732468990",NA
35.854247,-84.086856,NA,"Brassicaceae","Arabis laevigata",1961,4,13,"1989999699",NA
40.621163,-75.192953,NA,"Brassicaceae","Arabis laevigata",1961,5,20,"4067774726",NA
40.1321,-76.710506,NA,"Brassicaceae","Arabis laevigata",1961,5,1,"3865093874",NA
35.564447,-81.291555,NA,"Brassicaceae","Arabis laevigata",1960,4,19,"4088571073",NA
40.195,-76.719908,NA,"Brassicaceae","Arabis laevigata",1959,5,9,"3865094958",NA
40.676457,-75.2225,NA,"Brassicaceae","Arabis laevigata",1959,6,16,"4067774762",NA
41.759303,-76.634927,NA,"Brassicaceae","Arabis laevigata",1959,6,18,"3865366020",NA
40.737308,-75.257123,NA,"Brassicaceae","Arabis laevigata",1959,7,3,"3865091851",NA
40.175943,-74.74905,NA,"Brassicaceae","Arabis laevigata",1958,5,22,"4067774752",NA
41.23275,-77.305271,NA,"Brassicaceae","Arabis laevigata",1958,5,11,"3865093890",NA
40.376738,-75.396406,NA,"Brassicaceae","Arabis laevigata",1958,6,1,"4067774759",NA
40.407048,-75.259692,NA,"Brassicaceae","Arabis laevigata",1958,6,15,"4067774753",NA
40.504269,-75.230731,NA,"Brassicaceae","Arabis laevigata",1957,3,31,"4067774758",NA
40.475,-75.208333,NA,"Brassicaceae","Arabis laevigata",1957,3,28,"4067774751",NA
39.823687,-78.442002,NA,"Brassicaceae","Arabis laevigata",1957,5,1,"3865099005",NA
40.633338,-75.127415,NA,"Brassicaceae","Arabis laevigata",1957,6,20,"3865363976",NA
40.783956,-75.117755,NA,"Brassicaceae","Arabis laevigata",1956,6,28,"4067774734",NA
40.714202,-75.163145,NA,"Brassicaceae","Arabis laevigata",1956,6,18,"3865362932",NA
40.437819,-75.094003,NA,"Brassicaceae","Arabis laevigata",1955,5,15,"3865100871",NA
41.427386,-77.502618,NA,"Brassicaceae","Arabis laevigata",1955,5,21,"3865091863",NA
40.714202,-75.163145,NA,"Brassicaceae","Arabis laevigata",1955,6,18,"4067774792",NA
41.646356,-77.44596,NA,"Brassicaceae","Arabis laevigata",1955,6,20,"3865097972",NA
41.320371,-80.33863,NA,"Brassicaceae","Arabis laevigata",1955,6,29,"3865361911",NA
40.212113,-74.948367,NA,"Brassicaceae","Arabis laevigata",1954,1,3,"3865363933",NA
41.465728,-76.668323,NA,"Brassicaceae","Arabis laevigata",1954,5,22,"3865367034",NA
41.377762,-76.81989,NA,"Brassicaceae","Arabis laevigata",1954,5,23,"3865095939",NA
40.848367,-75.113093,NA,"Brassicaceae","Arabis laevigata",1954,6,9,"4067774725",NA
40.417428,-74.984675,NA,"Brassicaceae","Arabis laevigata",1953,4,26,"3865100040",NA
40.838122,-75.099551,NA,"Brassicaceae","Arabis laevigata",1953,6,12,"4067774723",NA
40.123723,-75.444988,NA,"Brassicaceae","Arabis laevigata",1953,6,20,"3865100866",NA
40.504269,-75.230731,NA,"Brassicaceae","Arabis laevigata",1953,7,19,"4067774755",NA
40.504269,-75.230731,NA,"Brassicaceae","Arabis laevigata",1953,7,19,"4067774839",NA
39.726013,-80.258051,NA,"Brassicaceae","Arabis laevigata",1952,4,26,"3865092932",NA
40.027381,-78.70831,NA,"Brassicaceae","Arabis laevigata",1952,5,18,"3865364972",NA
40.566751,-76.7196,NA,"Brassicaceae","Arabis laevigata",1952,5,25,"3865094947",NA
40.049139,-78.720077,NA,"Brassicaceae","Arabis laevigata",1952,5,18,"3865369995",NA
43.133333,-79.383333,NA,"Brassicaceae","Arabis laevigata",1952,6,6,"732468999",NA
43.1,-79.283333,NA,"Brassicaceae","Arabis laevigata",1952,6,6,"732469000",NA
40.156781,-74.132363,NA,"Brassicaceae","Arabis laevigata",1951,4,14,"3341251222",NA
40.299733,-74.954174,NA,"Brassicaceae","Arabis laevigata",1951,4,1,"3865091853",NA
39.721564,-80.518413,NA,"Brassicaceae","Arabis laevigata",1951,5,8,"3865097975",NA
43.166667,-79.333333,NA,"Brassicaceae","Arabis laevigata",1951,7,7,"732468997",NA
40.434177,-75.140943,NA,"Brassicaceae","Arabis laevigata",1950,1,1,"4067774757",NA
39.74449,-79.996014,NA,"Brassicaceae","Arabis laevigata",1950,4,29,"3865094961",NA
40.390427,-74.960533,NA,"Brassicaceae","Arabis laevigata",1950,4,21,"3865365020",NA
40.141278,-74.61747,NA,"Brassicaceae","Arabis laevigata",1950,4,16,"3865091894",NA
40.141333,-74.61724,NA,"Brassicaceae","Arabis laevigata",1950,4,16,"3865100910",NA
40.803412,-78.679673,NA,"Brassicaceae","Arabis laevigata",1950,5,18,"3865099019",NA
40.018687,-80.204973,NA,"Brassicaceae","Arabis laevigata",1950,5,17,"3865369996",NA
40.075954,-80.16088,NA,"Brassicaceae","Arabis laevigata",1950,5,11,"3865366024",NA
40.17361,-74.674502,NA,"Brassicaceae","Arabis laevigata",1950,5,11,"3865096921",NA
40.166321,-74.677974,NA,"Brassicaceae","Arabis laevigata",1950,5,5,"3865361939",NA
40.806528,-75.099524,NA,"Brassicaceae","Arabis laevigata",1950,6,23,"3865095968",NA
40.085474,-74.541074,NA,"Brassicaceae","Arabis laevigata",1949,3,27,"3865100911",NA
40.165334,-78.243428,NA,"Brassicaceae","Arabis laevigata",1949,4,27,"3865364990",NA
40.138487,-74.604461,NA,"Brassicaceae","Arabis laevigata",1949,4,28,"3865363978",NA
40.133637,-74.559963,NA,"Brassicaceae","Arabis laevigata",1949,5,5,"3865363977",NA
40.138474,-74.587672,NA,"Brassicaceae","Arabis laevigata",1949,5,12,"3865365021",NA
40.138474,-74.587672,NA,"Brassicaceae","Arabis laevigata",1949,5,12,"3865366052",NA
40.155378,-74.647174,NA,"Brassicaceae","Arabis laevigata",1949,7,28,"3865362934",NA
40.164944,-74.678317,NA,"Brassicaceae","Arabis laevigata",1949,7,21,"3865365022",NA
41.344083,-74.763619,NA,"Brassicaceae","Arabis laevigata",1949,9,2,"3865095926",NA
40.257606,-75.049716,NA,"Brassicaceae","Arabis laevigata",1949,12,29,"3865364979",NA
40.239955,-74.968809,NA,"Brassicaceae","Arabis laevigata",1948,3,28,"4067774838",NA
40.274004,-75.066786,NA,"Brassicaceae","Arabis laevigata",1948,5,2,"4067774836",NA
41.475843,-80.021284,NA,"Brassicaceae","Arabis laevigata",1948,6,13,"3865100884",NA
40.90571,-75.065552,NA,"Brassicaceae","Arabis laevigata",1948,6,28,"3865096920",NA
40.786081,-80.106977,NA,"Brassicaceae","Arabis laevigata",1948,6,10,"3865371083",NA
40.936324,-75.103664,NA,"Brassicaceae","Arabis laevigata",1948,7,25,"4067771947",NA
40.91596,-75.079114,NA,"Brassicaceae","Arabis laevigata",1948,7,16,"4067774735",NA
40.069829,-75.287886,NA,"Brassicaceae","Arabis laevigata",1948,7,18,"3865093872",NA
40.778833,-75.124521,NA,"Brassicaceae","Arabis laevigata",1948,7,9,"3865091893",NA
40.601791,-75.18712,NA,"Brassicaceae","Arabis laevigata",1948,7,15,"3865100909",NA
41.12528,-76.91667,NA,"Brassicaceae","Arabis laevigata",1947,5,25,"3331183243",NA
41.756861,-75.0573,NA,"Brassicaceae","Arabis laevigata",1947,6,20,"3865369056",NA
39.994834,-78.059449,NA,"Brassicaceae","Arabis laevigata",1947,6,1,"3865363946",NA
39.88084,-78.50896,NA,"Brassicaceae","Arabis laevigata",1947,6,6,"3865363947",NA
40.956453,-75.127632,NA,"Brassicaceae","Arabis laevigata",1947,7,1,"3865366009",NA
39.831509,-78.71356,NA,"Brassicaceae","Arabis laevigata",1946,4,21,"3865100883",NA
40.122933,-78.577216,NA,"Brassicaceae","Arabis laevigata",1946,5,4,"3865363930",NA
40.622692,-75.323357,NA,"Brassicaceae","Arabis laevigata",1946,5,3,"3865364975",NA
40.060389,-77.811458,NA,"Brassicaceae","Arabis laevigata",1946,5,11,"3865361909",NA
39.843801,-77.739138,NA,"Brassicaceae","Arabis laevigata",1946,5,12,"3865367955",NA
39.759934,-78.52196,NA,"Brassicaceae","Arabis laevigata",1946,5,30,"3865367956",NA
41.043152,-80.098466,NA,"Brassicaceae","Arabis laevigata",1946,5,25,"3865367957",NA
40.211602,-78.611593,NA,"Brassicaceae","Arabis laevigata",1946,5,17,"3865365024",NA
39.965357,-78.612164,NA,"Brassicaceae","Arabis laevigata",1946,6,1,"3865362887",NA
40.1841,-78.624583,NA,"Brassicaceae","Arabis laevigata",1946,6,23,"3865361910",NA
40.088373,-79.09114,NA,"Brassicaceae","Arabis laevigata",1946,6,1,"3865100008",NA
40.670513,-75.235588,NA,"Brassicaceae","Arabis laevigata",1946,7,10,"4067774724",NA
38.942055,-77.120257,NA,"Brassicaceae","Arabis laevigata",1945,4,8,"3454979429",NA
38.942055,-77.120257,NA,"Brassicaceae","Arabis laevigata",1945,4,8,"3454979357",NA
39.82787,-77.903331,NA,"Brassicaceae","Arabis laevigata",1945,4,19,"3865092964",NA
39.744538,-77.767236,NA,"Brassicaceae","Arabis laevigata",1945,5,5,"3865362903",NA
40.003693,-78.412087,NA,"Brassicaceae","Arabis laevigata",1945,5,29,"3865366022",NA
40.003693,-78.412087,NA,"Brassicaceae","Arabis laevigata",1945,5,19,"3865370028",NA
40.069831,-75.297355,NA,"Brassicaceae","Arabis laevigata",1944,3,26,"4067774837",NA
40.06924,-75.297183,NA,"Brassicaceae","Arabis laevigata",1944,3,26,"3865095924",NA
40.258686,-75.663467,NA,"Brassicaceae","Arabis laevigata",1944,5,21,"3865371029",NA
40.258686,-75.663467,NA,"Brassicaceae","Arabis laevigata",1944,5,21,"3865361892",NA
39.989977,-78.518531,NA,"Brassicaceae","Arabis laevigata",1944,6,18,"3865362904",NA
40.611743,-75.207676,NA,"Brassicaceae","Arabis laevigata",1942,4,18,"3865100869",NA
40.328194,-74.168156,NA,"Brassicaceae","Arabis laevigata",1942,4,1,"3865095970",NA
40.622692,-75.323357,NA,"Brassicaceae","Arabis laevigata",1942,5,3,"3865095929",NA
40.297188,-75.919183,NA,"Brassicaceae","Arabis laevigata",1942,5,3,"3865369982",NA
39.981557,-78.065586,NA,"Brassicaceae","Arabis laevigata",1942,6,4,"3865367021",NA
40.783716,-75.224106,NA,"Brassicaceae","Arabis laevigata",1942,6,15,"3865369981",NA
40.783716,-75.224106,NA,"Brassicaceae","Arabis laevigata",1942,6,15,"3865097962",NA
42.074757,-80.237686,NA,"Brassicaceae","Arabis laevigata",1942,6,7,"3865096896",NA
41.449047,-79.89974,NA,"Brassicaceae","Arabis laevigata",1942,6,7,"3865091865",NA
40.135637,-74.535566,NA,"Brassicaceae","Arabis laevigata",1942,9,20,"3865099051",NA
39.99938,-78.25333,NA,"Brassicaceae","Arabis laevigata",1941,5,7,"3865369978",NA
39.99938,-78.25333,NA,"Brassicaceae","Arabis laevigata",1941,5,7,"3865364973",NA
40.501873,-75.881193,NA,"Brassicaceae","Arabis laevigata",1941,5,4,"3865095930",NA
39.960815,-80.01885,NA,"Brassicaceae","Arabis laevigata",1941,5,10,"3865371048",NA
40.135637,-74.535566,NA,"Brassicaceae","Arabis laevigata",1941,5,18,"3865371081",NA
40.334781,-74.171062,NA,"Brassicaceae","Arabis laevigata",1941,5,11,"3865098005",NA
40.233496,-78.567023,NA,"Brassicaceae","Arabis laevigata",1941,6,1,"3865099992",NA
39.994526,-78.249705,NA,"Brassicaceae","Arabis laevigata",1941,6,14,"3865361894",NA
39.994526,-78.249705,NA,"Brassicaceae","Arabis laevigata",1941,6,14,"3865366006",NA
39.994526,-78.249705,NA,"Brassicaceae","Arabis laevigata",1941,6,14,"3865369979",NA
39.993703,-78.256103,NA,"Brassicaceae","Arabis laevigata",1941,6,22,"3865369994",NA
40.191709,-80.449351,NA,"Brassicaceae","Arabis laevigata",1940,5,23,"3865369070",NA
40.209522,-78.607295,NA,"Brassicaceae","Arabis laevigata",1940,5,19,"3865363980",NA
40.423614,-79.448467,NA,"Brassicaceae","Arabis laevigata",1940,5,16,"3865367073",NA
40.456813,-79.451313,NA,"Brassicaceae","Arabis laevigata",1940,5,16,"3865369104",NA
40.381364,-80.512321,NA,"Brassicaceae","Arabis laevigata",1940,5,21,"3865094994",NA
40.627876,-75.313358,NA,"Brassicaceae","Arabis laevigata",1940,6,26,"3865096882",NA
40.653895,-77.582096,NA,"Brassicaceae","Arabis laevigata",1940,6,12,"3865097973",NA
40.661444,-75.243366,NA,"Brassicaceae","Arabis laevigata",1940,7,14,"3865092920",NA
40.613702,-75.201741,NA,"Brassicaceae","Arabis laevigata",1940,7,15,"3865093879",NA
40.613702,-75.201741,NA,"Brassicaceae","Arabis laevigata",1940,7,15,"3865362890",NA
40.334781,-74.171062,NA,"Brassicaceae","Arabis laevigata",1940,10,13,"3865094991",NA
40.277084,-75.75624,NA,"Brassicaceae","Arabis laevigata",1939,4,30,"3865367025",NA
39.901957,-76.365435,NA,"Brassicaceae","Arabis laevigata",1939,4,30,"3331187477",NA
40.24535,-75.042354,NA,"Brassicaceae","Arabis laevigata",1939,5,23,"3865369983",NA
40.776204,-77.058868,NA,"Brassicaceae","Arabis laevigata",1939,5,4,"3865361908",NA
40.806659,-76.852041,NA,"Brassicaceae","Arabis laevigata",1939,5,21,"3865363945",NA
39.769997,-77.905709,NA,"Brassicaceae","Arabis laevigata",1939,5,14,"3865091864",NA
39.858722,-77.886407,NA,"Brassicaceae","Arabis laevigata",1939,5,14,"3865100882",NA
40.636299,-75.119462,NA,"Brassicaceae","Arabis laevigata",1939,5,30,"3865095969",NA
41.286628,-74.83505,NA,"Brassicaceae","Arabis laevigata",1939,6,16,"3865092916",NA
41.284602,-74.833123,NA,"Brassicaceae","Arabis laevigata",1939,6,16,"3865093875",NA
41.696613,-77.453285,NA,"Brassicaceae","Arabis laevigata",1939,6,24,"3865099993",NA
41.138874,-76.145831,NA,"Brassicaceae","Arabis laevigata",1939,6,7,"3865093876",NA
41.092652,-76.883881,NA,"Brassicaceae","Arabis laevigata",1939,6,22,"3865100881",NA
40.617245,-76.954284,NA,"Brassicaceae","Arabis laevigata",1939,6,20,"3865367035",NA
41.486372,-74.988069,NA,"Brassicaceae","Arabis laevigata",1939,7,15,"3865097958",NA
40.477861,-77.128906,NA,"Brassicaceae","Arabis laevigata",1939,7,3,"3865369068",NA
40.856551,-77.799478,NA,"Brassicaceae","Arabis laevigata",1939,7,8,"3865094959",NA
39.729955,-76.216068,NA,"Brassicaceae","Arabis laevigata",1939,8,9,"3865366005",NA
41.350256,-76.91442,NA,"Brassicaceae","Arabis laevigata",1939,8,11,"3865096894",NA
40.995125,-75.126995,NA,"Brassicaceae","Arabis laevigata",1938,5,20,"3865096879",NA
40.011457,-78.316578,NA,"Brassicaceae","Arabis laevigata",1938,5,15,"3865367939",NA
41.962291,-75.691639,NA,"Brassicaceae","Arabis laevigata",1938,5,17,"3865371034",NA
41.75,-82.683333,NA,"Brassicaceae","Arabis laevigata",1938,8,NA,"732468984",NA
41.368705,-74.700163,NA,"Brassicaceae","Arabis laevigata",1937,5,13,"3865094946",NA
41.386445,-75.805389,NA,"Brassicaceae","Arabis laevigata",1937,5,21,"3865099006",NA
39.733134,-80.067842,NA,"Brassicaceae","Arabis laevigata",1937,5,2,"3865099020",NA
43.25,-79.85,NA,"Brassicaceae","Arabis laevigata",1937,5,5,"732468985",NA
40.981595,-75.135403,NA,"Brassicaceae","Arabis laevigata",1937,6,6,"3865091847",NA
40.470425,-74.781936,NA,"Brassicaceae","Arabis laevigata",1937,7,7,"3865100039",NA
35.828482,-84.273196,NA,"Brassicaceae","Arabis laevigata",1936,5,15,"1989999721",NA
35.960638,-83.920739,NA,"Brassicaceae","Arabis laevigata",1935,3,24,"1989999717",NA
40.393235,-79.724161,NA,"Brassicaceae","Arabis laevigata",1935,4,27,"2859243861",NA
40.128306,-75.443624,NA,"Brassicaceae","Arabis laevigata",1935,5,12,"3865100865",NA
40.336767,-75.478574,NA,"Brassicaceae","Arabis laevigata",1935,5,11,"3865367936",NA
40.582437,-75.086467,NA,"Brassicaceae","Arabis laevigata",1935,5,18,"3865370024",NA
40.975607,-78.486636,NA,"Brassicaceae","Arabis laevigata",1935,6,11,"3865369069",NA
40.352263,-75.430691,NA,"Brassicaceae","Arabis laevigata",1935,7,13,"3865093871",NA
35.924249,-83.96324,NA,"Brassicaceae","Arabis laevigata",1934,4,1,"1989999745",NA
35.924249,-83.96324,NA,"Brassicaceae","Arabis laevigata",1934,4,11,"1989999705",NA
35.942951,-83.950707,NA,"Brassicaceae","Arabis laevigata",1934,4,17,"1989999697",NA
40.363299,-75.424588,NA,"Brassicaceae","Arabis laevigata",1934,5,12,"3865099989",NA
40.362351,-75.425043,NA,"Brassicaceae","Arabis laevigata",1934,5,12,"3865363928",NA
40.575959,-75.094617,NA,"Brassicaceae","Arabis laevigata",1934,5,6,"3865371080",NA
40.548779,-75.038041,NA,"Brassicaceae","Arabis laevigata",1934,6,9,"3865370025",NA
40.548779,-75.038041,NA,"Brassicaceae","Arabis laevigata",1934,6,9,"3865366051",NA
43.216667,-82.016667,NA,"Brassicaceae","Arabis laevigata",1934,8,16,"732469001",NA
35.924249,-83.96324,NA,"Brassicaceae","Arabis laevigata",1933,4,2,"1989999722",NA
40.625129,-75.187307,NA,"Brassicaceae","Arabis laevigata",1933,4,24,"3865093920",NA
40.471788,-75.065835,NA,"Brassicaceae","Arabis laevigata",1933,5,21,"3865094990",NA
40.610315,-75.195789,NA,"Brassicaceae","Arabis laevigata",1933,6,17,"3865367985",NA
42.395172,-73.689572,NA,"Brassicaceae","Arabis laevigata",1933,7,3,"3865363979",NA
40.202595,-75.826827,NA,"Brassicaceae","Arabis laevigata",1932,5,7,"3865366010",NA
40.008792,-76.30583,NA,"Brassicaceae","Arabis laevigata",1932,5,4,"3331188552",NA
40.572879,-75.192119,NA,"Brassicaceae","Arabis laevigata",1932,7,7,"3865361897",NA
40.471788,-75.065835,NA,"Brassicaceae","Arabis laevigata",1932,8,28,"3865098004",NA
35.993216,-83.937087,NA,"Brassicaceae","Arabis laevigata",1932,NA,NA,"1989999685",NA
40.279665,-75.128179,NA,"Brassicaceae","Arabis laevigata",1931,5,9,"3865100870",NA
40.418801,-80.508993,NA,"Brassicaceae","Arabis laevigata",1930,5,4,"3865367037",NA
40.145506,-75.515237,NA,"Brassicaceae","Arabis laevigata",1929,4,13,"3865367020",NA
35.924249,-83.96324,NA,"Brassicaceae","Arabis laevigata",1929,NA,NA,"1989999665",NA
45.033333,-73.083333,NA,"Brassicaceae","Arabis laevigata",1928,6,27,"732468983",NA
43.782564,-74.271816,NA,"Brassicaceae","Arabis laevigata",1928,7,10,"3865361941",NA
40.946239,-75.111362,NA,"Brassicaceae","Arabis laevigata",1926,7,28,"3865094949",NA
35.924249,-83.96324,NA,"Brassicaceae","Arabis laevigata",1925,3,23,"1989999755",NA
40.422539,-75.062033,NA,"Brassicaceae","Arabis laevigata",1925,4,28,"3865367944",NA
40.34594,-74.937389,NA,"Brassicaceae","Arabis laevigata",1925,4,11,"3865362933",NA
40.4733,-75.142784,NA,"Brassicaceae","Arabis laevigata",1925,5,7,"3865371038",NA
40.314055,-74.902004,NA,"Brassicaceae","Arabis laevigata",1924,4,26,"3865362893",NA
40.309454,-74.88349,NA,"Brassicaceae","Arabis laevigata",1924,5,31,"3865361938",NA
39.86727,-74.84202,NA,"Brassicaceae","Arabis laevigata",1923,4,28,"3865369102",NA
40.280712,-75.13054,NA,"Brassicaceae","Arabis laevigata",1923,5,27,"3865369060",NA
40.34594,-74.937389,NA,"Brassicaceae","Arabis laevigata",1923,5,5,"3865366050",NA
40.34594,-74.937389,NA,"Brassicaceae","Arabis laevigata",1923,5,5,"3865093921",NA
40.277203,-75.480285,NA,"Brassicaceae","Arabis laevigata",1923,6,10,"3865091845",NA
40.133021,-74.739242,NA,"Brassicaceae","Arabis laevigata",1923,9,1,"3865367987",NA
40.134521,-74.558174,NA,"Brassicaceae","Arabis laevigata",1922,5,29,"3865096922",NA
40.129424,-74.74057,NA,"Brassicaceae","Arabis laevigata",1921,4,6,"3865366053",NA
40.350725,-75.43686,NA,"Brassicaceae","Arabis laevigata",1921,5,16,"3865092913",NA
40.546358,-75.235799,NA,"Brassicaceae","Arabis laevigata",1921,5,14,"3865099009",NA
40.556842,-75.286761,NA,"Brassicaceae","Arabis laevigata",1921,5,14,"3865099998",NA
40.82956,-75.08364,NA,"Brassicaceae","Arabis laevigata",1921,6,5,"3865092960",NA
40.575771,-75.192012,NA,"Brassicaceae","Arabis laevigata",1920,5,16,"3865099050",NA
40.422604,-75.066282,NA,"Brassicaceae","Arabis laevigata",1920,6,24,"3865364977",NA
40.543877,-74.362776,NA,"Brassicaceae","Arabis laevigata",1919,5,18,"3865092961",NA
45.401347,-91.849063,NA,"Brassicaceae","Arabis laevigata",1917,5,25,"1305205335",NA
40.574431,-75.107918,NA,"Brassicaceae","Arabis laevigata",1916,4,25,"3865367070",NA
40.169898,-74.674379,NA,"Brassicaceae","Arabis laevigata",1916,5,8,"3865370026",NA
40.209391,-75.565361,NA,"Brassicaceae","Arabis laevigata",1915,5,1,"3865099002",NA
40.499746,-75.887756,NA,"Brassicaceae","Arabis laevigata",1915,7,4,"3865369058",NA
44.560798,-90.591374,NA,"Brassicaceae","Arabis laevigata",1915,7,17,"1305240136",NA
41.785908,-76.788011,NA,"Brassicaceae","Arabis laevigata",1913,7,19,"3865096924",NA
40.567022,-75.151724,NA,"Brassicaceae","Arabis laevigata",1911,5,6,"3865369059",NA
40.567022,-75.151724,NA,"Brassicaceae","Arabis laevigata",1911,5,6,"3344422614","Mature"
38.895112,-77.036366,NA,"Brassicaceae","Arabis laevigata",1910,6,NA,"3341240335",NA
39.733026,-76.22417,NA,"Brassicaceae","Arabis laevigata",1909,4,22,"3865099001",NA
40.106831,-75.421315,NA,"Brassicaceae","Arabis laevigata",1909,5,14,"3865095923",NA
40.252846,-75.036436,NA,"Brassicaceae","Arabis laevigata",1909,5,15,"3865369984",NA
38.998965,-77.252556,NA,"Brassicaceae","Arabis laevigata",1909,5,29,"3865096925",NA
40.152605,-75.456574,NA,"Brassicaceae","Arabis laevigata",1907,5,5,"3865091846",NA
41.058153,-74.752665,NA,"Brassicaceae","Arabis laevigata",1907,7,1,"3341240337",NA
40.067614,-74.530709,NA,"Brassicaceae","Arabis laevigata",1905,4,21,"3865099052",NA
39.871742,-79.492261,NA,"Brassicaceae","Arabis laevigata",1905,7,3,"3865366055",NA
39.750608,-76.227161,NA,"Brassicaceae","Arabis laevigata",1904,5,8,"3865092915",NA
43.15,-79.216667,NA,"Brassicaceae","Arabis laevigata",1902,5,31,"732468994",NA
40.86495,-79.695165,NA,"Brassicaceae","Arabis laevigata",1902,6,2,"3341240338",NA
39.871777,-75.591318,NA,"Brassicaceae","Arabis laevigata",1901,5,25,"3865361893",NA
40.015332,-76.296502,NA,"Brassicaceae","Arabis laevigata",1900,5,5,"3865371030",NA
40.02808,-75.232979,NA,"Brassicaceae","Arabis laevigata",1899,6,16,"3865096877",NA
41.093429,-75.00184,NA,"Brassicaceae","Arabis laevigata",1897,5,29,"3865092963",NA
41.746428,-88.154155,NA,"Brassicaceae","Arabis laevigata",1897,7,16,"3413418761",NA
35.960638,-83.920739,NA,"Brassicaceae","Arabis laevigata",1894,4,NA,"1989999708",NA
40.535761,-75.176683,NA,"Brassicaceae","Arabis laevigata",1893,5,28,"3865367026",NA
41.238608,-77.036098,NA,"Brassicaceae","Arabis laevigata",1893,6,7,"2242397292",NA
38.717748,-90.484323,NA,"Brassicaceae","Arabis laevigata",1891,4,27,"3454979856",NA
41.758964,-85.011673,NA,"Brassicaceae","Arabis laevigata",1891,7,12,"3413417836",NA
41.680109,-87.622676,NA,"Brassicaceae","Arabis laevigata",1888,5,1,"3413420633",NA
40.079277,-75.301571,NA,"Brassicaceae","Arabis laevigata",1888,6,3,"3865362884",NA
40.032847,-75.247682,NA,"Brassicaceae","Arabis laevigata",1888,7,7,"3865362885",NA
42.666667,-81.216667,NA,"Brassicaceae","Arabis laevigata",1888,7,11,"732468988",NA
42.983333,-81.233333,NA,"Brassicaceae","Arabis laevigata",1888,7,15,"732468989",NA
40.703229,-75.207386,NA,"Brassicaceae","Arabis laevigata",1886,NA,NA,"3865369057",NA
40.703229,-75.207386,NA,"Brassicaceae","Arabis laevigata",1883,5,16,"3865371036",NA
41.058153,-74.752665,NA,"Brassicaceae","Arabis laevigata",1881,6,NA,"3865098007",NA
42.445131,-76.499662,NA,"Brassicaceae","Arabis laevigata",1880,6,4,"3341240342",NA
42.983333,-81.233333,NA,"Brassicaceae","Arabis laevigata",1880,6,8,"732468996",NA
38.904774,-77.016291,NA,"Brassicaceae","Arabis laevigata",1878,5,10,"4055598519",NA
44,-77.133333,NA,"Brassicaceae","Arabis laevigata",1876,7,4,"732468995",NA
33.2,-86.43,NA,"Brassicaceae","Arabis laevigata",1874,3,26,"3744699985",NA
33.2,-86.43,NA,"Brassicaceae","Arabis laevigata",1874,3,23,"3744699980",NA
40.310106,-75.129894,NA,"Brassicaceae","Arabis laevigata",1873,NA,NA,"3865361899",NA
39.960664,-75.605488,NA,"Brassicaceae","Arabis laevigata",1864,NA,NA,"3865094945",NA
40.211196,-78.605926,NA,"Brassicaceae","Arabis laevigata",1834,5,14,"3865364989",NA
34.71,-85.41,NA,"Brassicaceae","Arabis laevigata",NA,NA,NA,"3744699988",NA
40.579544,-75.340735,NA,"Brassicaceae","Arabis laevigata",NA,NA,NA,"3865367942",NA
42.666667,-81.216667,NA,"Brassicaceae","Arabis laevigata",NA,NA,NA,"732468993",NA
