"decimalLatitude","decimalLongitude","individualCount","family","species","year","month","day","datasetName","gbifID","lifeStage"
38.851187,-78.328217,NA,"Brassicaceae","Borodinia laevigata",2021,4,7,NA,"3357381395",NA
41.75,-74.15,NA,"Brassicaceae","Borodinia laevigata",2020,4,10,NA,"3855232032","Flowering"
36.120033,-81.7857,NA,"Brassicaceae","Borodinia laevigata",2019,4,22,NA,"2247687142",NA
36.121567,-81.79385,NA,"Brassicaceae","Borodinia laevigata",2019,4,22,NA,"2247687229",NA
40.1093,-78.3117,NA,"Brassicaceae","Borodinia laevigata",2019,4,28,NA,"2859246832",NA
36.43516,-93.77003,NA,"Brassicaceae","Borodinia laevigata",2019,4,30,NA,"3435794392",NA
41.75,-74.15,NA,"Brassicaceae","Borodinia laevigata",2019,4,24,NA,"3855232033","Flowering"
40.8454,-80.3189,NA,"Brassicaceae","Borodinia laevigata",2019,5,25,NA,"2859508804",NA
40.949276,-79.318839,NA,"Brassicaceae","Borodinia laevigata",2019,5,2,NA,"3312930316",NA
37.836022,-83.663322,NA,"Brassicaceae","Borodinia laevigata",2018,4,12,NA,"1978007628",NA
39.9086,-80.08729,NA,"Brassicaceae","Borodinia laevigata",2018,4,24,NA,"2859222986",NA
37.728806,-90.650278,1,"Brassicaceae","Borodinia laevigata",2018,4,30,"Tropicos","2268941354",NA
39.2875,-77.736817,NA,"Brassicaceae","Borodinia laevigata",2018,5,8,NA,"3357412482",NA
41.75,-74.15,NA,"Brassicaceae","Borodinia laevigata",2018,5,4,NA,"3855232026","Flowering"
41.339,-79.1859,NA,"Brassicaceae","Borodinia laevigata",2018,7,6,NA,"2859481977",NA
39.287417,-77.7365,NA,"Brassicaceae","Borodinia laevigata",2017,4,7,NA,"3357402361",NA
41.75,-74.15,NA,"Brassicaceae","Borodinia laevigata",2017,4,20,NA,"3855232041","Flowering"
40.77617,-78.53654,NA,"Brassicaceae","Borodinia laevigata",2017,5,5,NA,"3382659320",NA
42.60825,-85.973417,NA,"Brassicaceae","Borodinia laevigata",2017,5,12,NA,"1988844784",NA
35.013233,-85.342125,NA,"Brassicaceae","Borodinia laevigata",2016,4,2,NA,"3470664104",NA
41.75,-74.15,NA,"Brassicaceae","Borodinia laevigata",2016,4,19,NA,"3855232039","Flowering"
41.264705,-72.73493,1,"Brassicaceae","Borodinia laevigata",2016,5,11,NA,"1270751702",NA
36.5354,-90.60705,1,"Brassicaceae","Borodinia laevigata",2016,6,7,"Tropicos","2268821075",NA
38.511611,-91.609778,1,"Brassicaceae","Borodinia laevigata",2015,4,15,"Tropicos","1258138165",NA
38.435583,-91.6565,1,"Brassicaceae","Borodinia laevigata",2015,5,12,"Tropicos","1258149736",NA
38.532408,-90.635994,NA,"Brassicaceae","Borodinia laevigata",2015,5,9,"Tropicos","1258168533",NA
37.961972,-90.532528,1,"Brassicaceae","Borodinia laevigata",2014,4,22,"Tropicos","1258041005",NA
38.6781,-90.7108,1,"Brassicaceae","Borodinia laevigata",2014,4,17,"Tropicos","1258045510",NA
40.43512,-78.275277,NA,"Brassicaceae","Borodinia laevigata",2014,5,8,NA,"2859505617",NA
35.11753,-84.58002,NA,"Brassicaceae","Borodinia laevigata",2014,5,6,NA,"2640536423",NA
41.87848,-83.68767,NA,"Brassicaceae","Borodinia laevigata",2014,6,1,NA,"1988751071",NA
36.6272,-94.2883,1,"Brassicaceae","Borodinia laevigata",2013,4,14,"Tropicos","1257961516",NA
38.015111,-90.228194,1,"Brassicaceae","Borodinia laevigata",2013,4,21,"Tropicos","1257978757",NA
39.810192,-78.71719,NA,"Brassicaceae","Borodinia laevigata",2013,5,7,NA,"2859104495",NA
38.889999,-78.150002,NA,"Brassicaceae","Borodinia laevigata",2013,5,1,NA,"3350524890",NA
38.889999,-78.150002,NA,"Brassicaceae","Borodinia laevigata",2013,5,1,NA,"3990250104",NA
38.889999,-78.150002,NA,"Brassicaceae","Borodinia laevigata",2013,5,1,NA,"3350524892",NA
38.43375,-91.660194,1,"Brassicaceae","Borodinia laevigata",2013,6,3,"Tropicos","1257979516",NA
36.0384,-92.71477,NA,"Brassicaceae","Borodinia laevigata",2012,3,25,NA,"930742895",NA
36.0384,-92.71477,NA,"Brassicaceae","Borodinia laevigata",2012,3,27,NA,"930742894",NA
37.808472,-89.8905,1,"Brassicaceae","Borodinia laevigata",2012,3,26,"Tropicos","1257845396",NA
37.447056,-89.453639,1,"Brassicaceae","Borodinia laevigata",2012,3,26,"Tropicos","1257845488",NA
38.4692,-90.8031,NA,"Brassicaceae","Borodinia laevigata",2012,3,19,"Tropicos","1257985125",NA
39.722801,-80.246296,NA,"Brassicaceae","Borodinia laevigata",2012,4,4,NA,"2859402436",NA
37.724695,-89.628944,1,"Brassicaceae","Borodinia laevigata",2012,4,16,"Tropicos","1257845740",NA
45.549999,-73.171997,NA,"Brassicaceae","Borodinia laevigata",2012,6,6,NA,"3987190311",NA
45.55,-73.172,NA,"Brassicaceae","Borodinia laevigata",2012,6,6,NA,"2251585297",NA
41.75,-74.15,NA,"Brassicaceae","Borodinia laevigata",2011,4,28,NA,"3855232038","Flowering"
37.01279,-92.06373,1,"Brassicaceae","Borodinia laevigata",2011,5,18,"Tropicos","1257855176",NA
36.25946,-91.40892,NA,"Brassicaceae","Borodinia laevigata",2010,4,14,NA,"3435799908",NA
36.25946,-91.40892,NA,"Brassicaceae","Borodinia laevigata",2010,4,14,NA,"3435799900",NA
35.698183,-80.989933,NA,"Brassicaceae","Borodinia laevigata",2009,4,19,NA,"2234308711",NA
39.669251,-78.088855,NA,"Brassicaceae","Borodinia laevigata",2009,4,20,NA,"2859104476",NA
41.75,-74.15,NA,"Brassicaceae","Borodinia laevigata",2009,4,30,NA,"3855232034","Flowering"
38.02972,-90.148611,1,"Brassicaceae","Borodinia laevigata",2009,4,4,"Tropicos","1257581874",NA
38.569756,-90.773522,1,"Brassicaceae","Borodinia laevigata",2009,4,26,"Tropicos","1257581904",NA
44.001967,-86.468633,NA,"Brassicaceae","Borodinia laevigata",2009,6,13,NA,"1988891141",NA
34.610001,-93.830002,NA,"Brassicaceae","Borodinia laevigata",2008,3,26,NA,"4053203602",NA
41.75,-74.15,NA,"Brassicaceae","Borodinia laevigata",2008,4,24,NA,"3855232049","Flowering"
39.905,-79.915,NA,"Brassicaceae","Borodinia laevigata",2006,4,15,NA,"2859120415",NA
39.73028,-79.87944,NA,"Brassicaceae","Borodinia laevigata",2006,4,28,NA,"2859107405",NA
41.75,-74.15,NA,"Brassicaceae","Borodinia laevigata",2006,4,20,NA,"3855232045","Flowering"
37.81277,-90.77222,NA,"Brassicaceae","Borodinia laevigata",2006,4,20,"Tropicos","1261004048",NA
34.9573,-88.1774,NA,"Brassicaceae","Borodinia laevigata",2006,5,25,NA,"3707742339",NA
34.592556,-88.182083,NA,"Brassicaceae","Borodinia laevigata",2006,5,1,NA,"3707742356",NA
40.01,-80.05916,NA,"Brassicaceae","Borodinia laevigata",2005,4,19,NA,"2859119404",NA
39.99234,-80.43869,NA,"Brassicaceae","Borodinia laevigata",2005,4,29,NA,"2859104427",NA
33.0192,-88.4588,NA,"Brassicaceae","Borodinia laevigata",2005,4,16,NA,"3707728316",NA
41.75,-74.15,NA,"Brassicaceae","Borodinia laevigata",2005,4,25,NA,"3855232047","Flowering"
40.20549,-80.00698,NA,"Brassicaceae","Borodinia laevigata",2005,5,29,NA,"2859107411",NA
42.04786,-89.34564,NA,"Brassicaceae","Borodinia laevigata",2005,5,17,NA,"2573003561",NA
40.17224,-80.4332,NA,"Brassicaceae","Borodinia laevigata",2005,7,15,NA,"2859364384",NA
40.86334,-77.80402,NA,"Brassicaceae","Borodinia laevigata",2005,7,28,NA,"2859366415",NA
41.63875,-88.502861,NA,"Brassicaceae","Borodinia laevigata",2005,7,19,NA,"2573003398",NA
41.6389,-88.5028,NA,"Brassicaceae","Borodinia laevigata",2005,7,19,NA,"2565375159",NA
34.983889,-88.226111,NA,"Brassicaceae","Borodinia laevigata",2004,4,19,NA,"3707718682",NA
42.01528,-80.38556,NA,"Brassicaceae","Borodinia laevigata",2004,5,15,NA,"2859365356",NA
36.29282,-87.09622,NA,"Brassicaceae","Borodinia laevigata",2004,5,23,NA,"930741317",NA
38.9694,-77.1767,1,"Brassicaceae","Borodinia laevigata",2004,5,1,"NMNH Extant Biology","1320097172",NA
39.756667,-80.054167,NA,"Brassicaceae","Borodinia laevigata",2004,6,1,NA,"2859403373",NA
39.955278,-80.044722,NA,"Brassicaceae","Borodinia laevigata",2004,7,22,NA,"2859365361",NA
39.92889,-79.93694,NA,"Brassicaceae","Borodinia laevigata",2003,4,19,NA,"2859399320",NA
36.05899,-86.8047,NA,"Brassicaceae","Borodinia laevigata",2003,4,2,NA,"930740464",NA
36.06129,-86.79123,NA,"Brassicaceae","Borodinia laevigata",2003,4,30,NA,"930740627",NA
39.909444,-80.495278,NA,"Brassicaceae","Borodinia laevigata",2003,5,2,NA,"2859119363",NA
39.86472,-80.41306,NA,"Brassicaceae","Borodinia laevigata",2003,5,21,NA,"2859106357",NA
41.37667,-78.97333,NA,"Brassicaceae","Borodinia laevigata",2003,5,9,NA,"2859403348",NA
41.75,-74.15,NA,"Brassicaceae","Borodinia laevigata",2003,5,8,NA,"3855231995","Flowering"
39.74889,-80.05389,NA,"Brassicaceae","Borodinia laevigata",2003,6,16,NA,"2859365342",NA
39.890833,-80.475833,NA,"Brassicaceae","Borodinia laevigata",2003,7,2,NA,"2859123360",NA
41.75,-74.15,NA,"Brassicaceae","Borodinia laevigata",2002,4,18,NA,"3855231992","Flowering"
39.923588,-80.487276,NA,"Brassicaceae","Borodinia laevigata",2002,5,23,NA,"2859105358",NA
34.291538,-94.136153,NA,"Brassicaceae","Borodinia laevigata",2002,5,22,NA,"3435799915",NA
38.49388,-90.54416,1,"Brassicaceae","Borodinia laevigata",2002,5,4,"Tropicos","1259142870",NA
40.932728,-78.538398,NA,"Brassicaceae","Borodinia laevigata",2002,6,7,NA,"2859097204",NA
41.128199,-78.702882,NA,"Brassicaceae","Borodinia laevigata",2002,6,25,NA,"2859114210",NA
39.930225,-80.500561,NA,"Brassicaceae","Borodinia laevigata",2002,6,7,NA,"2859119352",NA
45.318063,-85.2584,NA,"Brassicaceae","Borodinia laevigata",2001,6,10,NA,"3829936829",NA
34.8517,-85.4783,NA,"Brassicaceae","Borodinia laevigata",2000,4,8,NA,"2565375181","Immature"
41.75,-74.15,NA,"Brassicaceae","Borodinia laevigata",2000,4,19,NA,"3855231991","Flowering"
39.98333,-91.58861,NA,"Brassicaceae","Borodinia laevigata",1999,4,26,"Tropicos","1260954024",NA
36.81777,-90.4,NA,"Brassicaceae","Borodinia laevigata",1999,4,17,"Tropicos","1260979729",NA
39.86755,-79.508856,NA,"Brassicaceae","Borodinia laevigata",1999,5,17,NA,"2859106414",NA
38.3875,-77.38,1,"Brassicaceae","Borodinia laevigata",1999,5,10,"NMNH Extant Biology","1318451841","Fruiting"
41.75,-74.15,NA,"Brassicaceae","Borodinia laevigata",1999,5,10,NA,"3855231990","Flowering"
40.43552,-79.90327,NA,"Brassicaceae","Borodinia laevigata",1998,5,16,NA,"2859095286",NA
41.03556,-80.10528,NA,"Brassicaceae","Borodinia laevigata",1998,5,25,NA,"2859111289",NA
40.83918,-84.347768,NA,"Brassicaceae","Borodinia laevigata",1998,7,21,NA,"2859392252",NA
40.482697,-80.02057,NA,"Brassicaceae","Borodinia laevigata",1997,5,31,NA,"2859355248",NA
41.37151,-79.923387,NA,"Brassicaceae","Borodinia laevigata",1997,6,7,NA,"2859391242",NA
34.675711,-80.537892,NA,"Brassicaceae","Borodinia laevigata",1996,4,18,NA,"2573002385",NA
34.23,-87.89,NA,"Brassicaceae","Borodinia laevigata",1996,4,13,NA,"3744715525",NA
40.16667,-80.48333,NA,"Brassicaceae","Borodinia laevigata",1996,5,27,NA,"2859358222",NA
39.98333,-80.15,NA,"Brassicaceae","Borodinia laevigata",1996,5,18,NA,"2859401316",NA
41.75,-74.15,NA,"Brassicaceae","Borodinia laevigata",1996,5,6,NA,"3855232004","Flowering"
38.616667,-90.683333,4,"Brassicaceae","Borodinia laevigata",1996,5,16,"Tropicos","1258263130",NA
41.03107,-84.070498,NA,"Brassicaceae","Borodinia laevigata",1996,6,12,NA,"2859110235",NA
39.730833,-78.338889,NA,"Brassicaceae","Borodinia laevigata",1996,6,10,NA,"2859355245",NA
40.013422,-78.423762,NA,"Brassicaceae","Borodinia laevigata",1996,7,24,NA,"2859355294",NA
40.01667,-78.43333,NA,"Brassicaceae","Borodinia laevigata",1996,7,26,NA,"2859359283",NA
33.806217,-84.14575,NA,"Brassicaceae","Borodinia laevigata",1995,3,28,NA,"3709843924",NA
35.1333,-82.35,NA,"Brassicaceae","Borodinia laevigata",1995,4,24,NA,"1503231779",NA
40.05,-79.4,NA,"Brassicaceae","Borodinia laevigata",1995,5,26,NA,"2859357835",NA
39.98333,-78.25,NA,"Brassicaceae","Borodinia laevigata",1995,5,8,NA,"2859355846",NA
40.70885,-79.5736,NA,"Brassicaceae","Borodinia laevigata",1995,5,7,NA,"2859110272",NA
41.75,-74.15,NA,"Brassicaceae","Borodinia laevigata",1995,5,2,NA,"3855231996","Flowering"
41.45,-78.16667,NA,"Brassicaceae","Borodinia laevigata",1995,6,24,NA,"2859390825",NA
40.406389,-79.3375,NA,"Brassicaceae","Borodinia laevigata",1994,4,28,NA,"2859110823",NA
40.413889,-79.438889,NA,"Brassicaceae","Borodinia laevigata",1994,4,28,NA,"2859354799",NA
38.960795,-79.254462,NA,"Brassicaceae","Borodinia laevigata",1994,4,15,NA,"2859394197",NA
33.994,-88.5696,NA,"Brassicaceae","Borodinia laevigata",1994,4,19,NA,"3707758712",NA
41.75,-74.15,NA,"Brassicaceae","Borodinia laevigata",1994,4,29,NA,"3855231994","Flowering"
40.091667,-79.636667,NA,"Brassicaceae","Borodinia laevigata",1994,5,11,NA,"2859109820",NA
37.04111,-91.68194,NA,"Brassicaceae","Borodinia laevigata",1994,5,7,"Tropicos","1260980731",NA
41.325014,-79.879595,NA,"Brassicaceae","Borodinia laevigata",1994,6,5,NA,"2859390238",NA
40.39167,-79.74861,NA,"Brassicaceae","Borodinia laevigata",1993,4,23,NA,"2859354767",NA
40.61194,-79.68889,NA,"Brassicaceae","Borodinia laevigata",1993,4,30,NA,"2859392748",NA
40.36278,-79.74167,NA,"Brassicaceae","Borodinia laevigata",1993,4,30,NA,"2859392749",NA
40.39583,-79.70694,NA,"Brassicaceae","Borodinia laevigata",1993,4,23,NA,"2859097783",NA
39.93333,-80.1,NA,"Brassicaceae","Borodinia laevigata",1993,4,25,NA,"2859402325",NA
40.362778,-79.741667,NA,"Brassicaceae","Borodinia laevigata",1993,4,30,NA,"2417982966",NA
34,-88.566667,NA,"Brassicaceae","Borodinia laevigata",1993,4,23,NA,"3707728781",NA
37.4575,-89.46944,NA,"Brassicaceae","Borodinia laevigata",1993,4,24,"Tropicos","1260947433",NA
40.191667,-79.312222,NA,"Brassicaceae","Borodinia laevigata",1993,5,2,NA,"2859389754",NA
40.270833,-79.341389,NA,"Brassicaceae","Borodinia laevigata",1993,5,2,NA,"2859390764",NA
40.2625,-79.291111,NA,"Brassicaceae","Borodinia laevigata",1993,5,1,NA,"2859356770",NA
38.254411,-82.035551,NA,"Brassicaceae","Borodinia laevigata",1993,5,12,NA,"2859393796",NA
41.75,-74.15,NA,"Brassicaceae","Borodinia laevigata",1993,5,6,NA,"3855231993","Flowering"
41.11509,-79.67951,NA,"Brassicaceae","Borodinia laevigata",1993,6,28,NA,"2859098761",NA
40.17222,-79.76944,NA,"Brassicaceae","Borodinia laevigata",1992,4,28,NA,"2859098721",NA
38.125,-90.675,8,"Brassicaceae","Borodinia laevigata",1992,4,19,"Tropicos","1261291773",NA
40.533272,-79.502952,NA,"Brassicaceae","Borodinia laevigata",1992,5,6,NA,"2859355714",NA
40.4375,-79.432222,NA,"Brassicaceae","Borodinia laevigata",1992,5,28,NA,"2859097737",NA
40.68005,-79.48215,NA,"Brassicaceae","Borodinia laevigata",1992,5,17,NA,"2859359239",NA
41.706,-84.59677,NA,"Brassicaceae","Borodinia laevigata",1992,5,8,NA,"1989332348",NA
34.86888,-93.107078,NA,"Brassicaceae","Borodinia laevigata",1991,3,26,NA,"3897108370",NA
36.74472,-90.51027,NA,"Brassicaceae","Borodinia laevigata",1991,3,31,"Tropicos","1260980454",NA
40.63872,-79.75833,NA,"Brassicaceae","Borodinia laevigata",1991,4,28,NA,"2859356264",NA
41.75,-74.15,NA,"Brassicaceae","Borodinia laevigata",1991,5,6,NA,"3855231997","Flowering"
37.95,-91.16666,1,"Brassicaceae","Borodinia laevigata",1990,4,19,"Tropicos","1261300233",NA
38.122778,-90.675278,1,"Brassicaceae","Borodinia laevigata",1990,5,26,"Tropicos","1261295807",NA
38.122778,-90.675278,2,"Brassicaceae","Borodinia laevigata",1990,5,26,"Tropicos","1261295601",NA
34.286655,-84.589067,NA,"Brassicaceae","Borodinia laevigata",1988,4,14,NA,"3710070644",NA
38.8872,-77.0558,1,"Brassicaceae","Borodinia laevigata",1988,4,17,"NMNH Extant Biology","1318994911","Flowering"
38.5732,-90.7701,4,"Brassicaceae","Borodinia laevigata",1988,4,10,"Tropicos","1261290248",NA
41.833129,-84.467276,NA,"Brassicaceae","Borodinia laevigata",1988,5,22,NA,"1989300730",NA
39.79969,-83.882329,NA,"Brassicaceae","Borodinia laevigata",1988,6,8,NA,"2859389563",NA
38.556111,-90.428333,8,"Brassicaceae","Borodinia laevigata",1988,6,11,"Tropicos","1261291438",NA
38.553333,-90.425556,5,"Brassicaceae","Borodinia laevigata",1987,5,6,"Tropicos","1261303933",NA
36.281013,-86.30528,NA,"Brassicaceae","Borodinia laevigata",1986,4,20,NA,"2573003184",NA
34.872022,-85.50913,NA,"Brassicaceae","Borodinia laevigata",1986,4,21,NA,"2573003904",NA
37.55277,-93.69888,NA,"Brassicaceae","Borodinia laevigata",1986,4,7,"Tropicos","1260933407",NA
38.125,-90.675,4,"Brassicaceae","Borodinia laevigata",1986,4,6,"Tropicos","1261291273",NA
39.708887,-78.331352,NA,"Brassicaceae","Borodinia laevigata",1986,5,26,NA,"2573007445",NA
41.70861,-84.69004,NA,"Brassicaceae","Borodinia laevigata",1986,5,27,NA,"1988679429",NA
41.819682,-84.303275,NA,"Brassicaceae","Borodinia laevigata",1986,5,20,NA,"1989171124",NA
38.125,-90.675,2,"Brassicaceae","Borodinia laevigata",1986,6,1,"Tropicos","1261290160",NA
38.68407,-77.054149,NA,"Brassicaceae","Borodinia laevigata",1985,3,30,NA,"2573002929",NA
41.941672,-83.954702,NA,"Brassicaceae","Borodinia laevigata",1985,4,18,NA,"1988647238",NA
39.968147,-80.44975,NA,"Brassicaceae","Borodinia laevigata",1985,4,17,NA,"2859097529",NA
39.968147,-80.44975,NA,"Brassicaceae","Borodinia laevigata",1985,4,17,NA,"2859113526",NA
39.960101,-80.487377,NA,"Brassicaceae","Borodinia laevigata",1985,4,17,NA,"2859095546",NA
41.9114,-84.03224,NA,"Brassicaceae","Borodinia laevigata",1985,4,18,NA,"1988951638",NA
38.08777,-92.5425,NA,"Brassicaceae","Borodinia laevigata",1985,4,28,"Tropicos","1261004686",NA
38.613889,-90.791389,2,"Brassicaceae","Borodinia laevigata",1985,4,18,"Tropicos","1261299097",NA
41.866224,-84.11131,NA,"Brassicaceae","Borodinia laevigata",1985,5,5,NA,"1988942799",NA
39.02555,-90.92638,NA,"Brassicaceae","Borodinia laevigata",1985,5,8,"Tropicos","1261000722",NA
37.967894,-91.575566,NA,"Brassicaceae","Borodinia laevigata",1984,4,29,NA,"2859097512",NA
38.790313,-77.039198,NA,"Brassicaceae","Borodinia laevigata",1984,5,10,NA,"2573003709",NA
38.9694,-77.1767,1,"Brassicaceae","Borodinia laevigata",1983,4,14,"NMNH Extant Biology","1318043818",NA
37.60505,-89.188415,NA,"Brassicaceae","Borodinia laevigata",1983,5,4,NA,"2859358310",NA
40.130196,-79.283019,NA,"Brassicaceae","Borodinia laevigata",1983,5,6,NA,"2859110550",NA
33.554167,-88.7825,NA,"Brassicaceae","Borodinia laevigata",1983,5,10,NA,"3707718352",NA
42.4833,-81.6667,1,"Brassicaceae","Borodinia laevigata",1983,6,12,"Vascular Plant","1804471640",NA
39.987587,-78.059449,NA,"Brassicaceae","Borodinia laevigata",1982,5,8,NA,"2859347246",NA
37.234443,-88.496709,NA,"Brassicaceae","Borodinia laevigata",1982,5,5,NA,"2859102292",NA
43.79975,-73.08017,NA,"Brassicaceae","Borodinia laevigata",1981,5,23,NA,"2573058828",NA
41.279,-72.79676,NA,"Brassicaceae","Borodinia laevigata",1981,5,2,NA,"2573067148",NA
41.279,-72.79676,NA,"Brassicaceae","Borodinia laevigata",1981,5,2,NA,"2573113378",NA
35.884275,-82.798747,NA,"Brassicaceae","Borodinia laevigata",1981,6,5,NA,"2234307575",NA
44.30894,-73.23596,NA,"Brassicaceae","Borodinia laevigata",1981,6,27,NA,"2573076505",NA
41.961849,-86.316785,NA,"Brassicaceae","Borodinia laevigata",1981,6,27,NA,"1989464012",NA
36.525444,-87.903747,NA,"Brassicaceae","Borodinia laevigata",1980,4,28,NA,"2234306693",NA
34.96244,-88.18592,NA,"Brassicaceae","Borodinia laevigata",1979,4,10,NA,"3707747936",NA
34.93458,-88.17807,NA,"Brassicaceae","Borodinia laevigata",1979,4,9,NA,"3707747844",NA
34.95393,-88.18537,NA,"Brassicaceae","Borodinia laevigata",1979,4,11,NA,"3707719458",NA
36.59111,-93.84083,NA,"Brassicaceae","Borodinia laevigata",1979,4,20,"Tropicos","1260947707",NA
40.525472,-78.165769,NA,"Brassicaceae","Borodinia laevigata",1979,5,1,NA,"2859112576",NA
35.283333,-82.883333,NA,"Brassicaceae","Borodinia laevigata",1979,5,14,NA,"2417958873",NA
34.95393,-88.18537,NA,"Brassicaceae","Borodinia laevigata",1979,5,15,NA,"3707762293",NA
34.95393,-88.18537,NA,"Brassicaceae","Borodinia laevigata",1979,5,14,NA,"3707748767",NA
41.75,-74.15,NA,"Brassicaceae","Borodinia laevigata",1979,5,1,NA,"3855232009","Flowering"
39.475276,-81.263082,NA,"Brassicaceae","Borodinia laevigata",1978,4,23,NA,"2859100935",NA
38.3794,-90.3921,NA,"Brassicaceae","Borodinia laevigata",1978,5,14,"Tropicos","1260996439",NA
37.075927,-82.981551,NA,"Brassicaceae","Borodinia laevigata",1978,6,4,NA,"2234308785",NA
38.898056,-90.358056,1,"Brassicaceae","Borodinia laevigata",1978,6,21,"Tropicos","1260938350",NA
38.37,-83.13,NA,"Brassicaceae","Borodinia laevigata",1977,4,23,NA,"2575156218",NA
37.84,-84.65,NA,"Brassicaceae","Borodinia laevigata",1977,4,7,NA,"2575155272",NA
38.4722,-90.4416,NA,"Brassicaceae","Borodinia laevigata",1977,4,17,"Tropicos","1260996342",NA
40.38205,-78.52345,NA,"Brassicaceae","Borodinia laevigata",1976,4,24,NA,"2859112579",NA
39.750228,-79.918754,NA,"Brassicaceae","Borodinia laevigata",1975,4,28,NA,"2859335754",NA
37.67916,-92.93333,NA,"Brassicaceae","Borodinia laevigata",1975,4,30,"Tropicos","1260933777",NA
34.669358,-80.541686,NA,"Brassicaceae","Borodinia laevigata",1975,5,10,NA,"2859090054",NA
38.21573,-96.15642,NA,"Brassicaceae","Borodinia laevigata",1975,5,5,NA,"1055071601",NA
37.554444,-90.833611,1,"Brassicaceae","Borodinia laevigata",1975,5,21,"Tropicos","1261004687",NA
40.988945,-79.587591,NA,"Brassicaceae","Borodinia laevigata",1974,4,30,NA,"2859369763",NA
39.672168,-81.72402,NA,"Brassicaceae","Borodinia laevigata",1974,4,17,NA,"2859345962",NA
40.621196,-80.456354,NA,"Brassicaceae","Borodinia laevigata",1974,4,29,NA,"2859344960",NA
34.674488,-80.498021,NA,"Brassicaceae","Borodinia laevigata",1974,4,13,NA,"2859085053",NA
37.38263,-80.09124,NA,"Brassicaceae","Borodinia laevigata",1974,4,7,NA,"2573003824",NA
35.387592,-82.941864,NA,"Brassicaceae","Borodinia laevigata",1974,5,23,NA,"2234308396",NA
35.716529,-82.880423,NA,"Brassicaceae","Borodinia laevigata",1974,5,18,NA,"2234306690",NA
35.368611,-82.933056,NA,"Brassicaceae","Borodinia laevigata",1974,5,23,NA,"2234308206",NA
35.373721,-82.760684,NA,"Brassicaceae","Borodinia laevigata",1974,5,21,NA,"2234307617",NA
35.322778,-83.631111,NA,"Brassicaceae","Borodinia laevigata",1974,5,26,NA,"2234307913",NA
35.899097,-82.849126,NA,"Brassicaceae","Borodinia laevigata",1974,5,16,NA,"2234408916",NA
34.660863,-80.516735,NA,"Brassicaceae","Borodinia laevigata",1973,4,14,NA,"2859345245",NA
36.75,-93.16666,NA,"Brassicaceae","Borodinia laevigata",1973,4,28,"Tropicos","1260929757",NA
38.49527,-90.81722,1,"Brassicaceae","Borodinia laevigata",1973,4,18,"Tropicos","1260964371",NA
38.2972,-90.5225,2,"Brassicaceae","Borodinia laevigata",1973,6,3,"Tropicos","1258982907",NA
39.88077,-80.227,NA,"Brassicaceae","Borodinia laevigata",1972,4,27,NA,"2859338746",NA
38.48972,-90.81666,NA,"Brassicaceae","Borodinia laevigata",1972,4,27,"Tropicos","1261000042",NA
40.855451,-78.724196,NA,"Brassicaceae","Borodinia laevigata",1972,5,30,NA,"2859337765",NA
36.616667,-93.25,NA,"Brassicaceae","Borodinia laevigata",1971,4,17,NA,"3091240890",NA
35.73577,-79.09054,NA,"Brassicaceae","Borodinia laevigata",1971,4,21,NA,"3496964685",NA
36.882361,-80.224503,NA,"Brassicaceae","Borodinia laevigata",1971,4,13,NA,"3496964678",NA
36.756944,-90.392778,NA,"Brassicaceae","Borodinia laevigata",1971,4,17,"Tropicos","1258842543",NA
36.786844,-91.34787,NA,"Brassicaceae","Borodinia laevigata",1971,4,17,"Tropicos","1260997162",NA
36.786844,-91.34787,NA,"Brassicaceae","Borodinia laevigata",1971,4,17,"Tropicos","1260997183",NA
40.99367,-79.61671,NA,"Brassicaceae","Borodinia laevigata",1971,5,26,NA,"2859334748",NA
36.943844,-80.340371,NA,"Brassicaceae","Borodinia laevigata",1970,4,22,NA,"3496964686",NA
38.47,-90.82,1,"Brassicaceae","Borodinia laevigata",1970,4,23,"Tropicos","2268914922",NA
37.47222,-89.49361,NA,"Brassicaceae","Borodinia laevigata",1970,4,29,"Tropicos","1260994813",NA
37.47222,-89.49361,NA,"Brassicaceae","Borodinia laevigata",1970,4,29,"Tropicos","1260995003",NA
41.167746,-77.487742,NA,"Brassicaceae","Borodinia laevigata",1970,5,6,NA,"2859371753",NA
40.134614,-79.279438,NA,"Brassicaceae","Borodinia laevigata",1970,5,4,NA,"2859372749",NA
41.393037,-78.185132,NA,"Brassicaceae","Borodinia laevigata",1970,5,7,NA,"2859373773",NA
42.300243,-83.662835,NA,"Brassicaceae","Borodinia laevigata",1970,5,27,NA,"1988766307",NA
41.75,-74.15,NA,"Brassicaceae","Borodinia laevigata",1970,5,10,NA,"3855231998","Flowering"
39.4301,-77.804161,NA,"Brassicaceae","Borodinia laevigata",1969,4,17,NA,"3091240900",NA
35.227433,-80.245425,NA,"Brassicaceae","Borodinia laevigata",1969,4,7,NA,"3496964676",NA
35.556226,-82.452621,NA,"Brassicaceae","Borodinia laevigata",1969,5,23,NA,"2234310764",NA
35.25008,-83.077291,NA,"Brassicaceae","Borodinia laevigata",1969,5,23,NA,"2273380353",NA
37.10027,-91.73583,NA,"Brassicaceae","Borodinia laevigata",1969,6,27,"Tropicos","1261004674",NA
33.107761,-88.519785,NA,"Brassicaceae","Borodinia laevigata",1968,3,31,NA,"3829936815",NA
40.80229,-79.99355,NA,"Brassicaceae","Borodinia laevigata",1968,4,23,NA,"2859334762",NA
38.29444,-85.99403,NA,"Brassicaceae","Borodinia laevigata",1968,4,21,NA,"1055071602",NA
37.6167,-94.8167,NA,"Brassicaceae","Borodinia laevigata",1968,4,9,NA,"2565375170",NA
35.167283,-93.644972,NA,"Brassicaceae","Borodinia laevigata",1968,5,8,NA,"2234306889",NA
43.18472,-84.115,NA,"Brassicaceae","Borodinia laevigata",1968,5,12,NA,"1989432460",NA
36.951117,-88.109376,NA,"Brassicaceae","Borodinia laevigata",1967,4,13,NA,"2234307831",NA
38.29444,-85.99403,NA,"Brassicaceae","Borodinia laevigata",1967,4,15,NA,"1055071590",NA
41.406879,-74.020901,NA,"Brassicaceae","Borodinia laevigata",1967,6,20,NA,"2859096988",NA
38.985,-77.2436,1,"Brassicaceae","Borodinia laevigata",1967,6,2,"NMNH Extant Biology","1321941390","Fruiting"
41.120746,-80.197341,NA,"Brassicaceae","Borodinia laevigata",1967,7,6,NA,"2859337777",NA
35.947707,-83.934456,NA,"Brassicaceae","Borodinia laevigata",1966,3,21,NA,"3091240903",NA
36.471817,-79.745533,NA,"Brassicaceae","Borodinia laevigata",1966,4,4,NA,"2234307577",NA
36.471817,-79.745533,NA,"Brassicaceae","Borodinia laevigata",1966,4,4,NA,"2234307215",NA
40.308571,-79.774758,NA,"Brassicaceae","Borodinia laevigata",1966,5,13,NA,"2859079769",NA
41.012827,-78.455415,NA,"Brassicaceae","Borodinia laevigata",1966,5,26,NA,"2859372752",NA
37.85161,-78.92252,NA,"Brassicaceae","Borodinia laevigata",1966,5,4,NA,"3091240893",NA
42.21203,-84.10299,NA,"Brassicaceae","Borodinia laevigata",1966,5,14,NA,"1055071595",NA
42.21203,-84.10299,NA,"Brassicaceae","Borodinia laevigata",1966,5,14,NA,"1055071586",NA
42.21203,-84.10299,NA,"Brassicaceae","Borodinia laevigata",1966,5,14,NA,"1055071622",NA
40.3167,-78.9167,NA,"Brassicaceae","Borodinia laevigata",1965,5,3,NA,"2565375163",NA
41.760523,-84.242208,NA,"Brassicaceae","Borodinia laevigata",1965,5,23,NA,"1989554891",NA
41.066887,-80.089784,NA,"Brassicaceae","Borodinia laevigata",1964,5,14,NA,"2859081770",NA
40.264908,-79.898756,NA,"Brassicaceae","Borodinia laevigata",1963,4,20,NA,"2859337766",NA
40.26231,-78.98673,NA,"Brassicaceae","Borodinia laevigata",1963,5,7,NA,"2859087762",NA
43.12278,-83.57694,NA,"Brassicaceae","Borodinia laevigata",1962,5,11,NA,"1989198629",NA
38.7922,-77.8392,1,"Brassicaceae","Borodinia laevigata",1962,7,26,"NMNH Extant Biology","1322341062",NA
35.898127,-79.266792,NA,"Brassicaceae","Borodinia laevigata",1961,4,19,NA,"2234306224",NA
40.238962,-79.771737,NA,"Brassicaceae","Borodinia laevigata",1961,5,12,NA,"2859080764",NA
40.231533,-79.766988,NA,"Brassicaceae","Borodinia laevigata",1961,5,12,NA,"2859092763",NA
40.672518,-80.508169,NA,"Brassicaceae","Borodinia laevigata",1961,5,17,NA,"2859335759",NA
40.676109,-80.540236,NA,"Brassicaceae","Borodinia laevigata",1961,5,17,NA,"2859392956",NA
36.162172,-82.251761,NA,"Brassicaceae","Borodinia laevigata",1961,6,16,NA,"2234306396",NA
35.773345,-79.156574,NA,"Brassicaceae","Borodinia laevigata",1960,4,25,NA,"2234309931",NA
35.564447,-81.291555,NA,"Brassicaceae","Borodinia laevigata",1960,4,19,NA,"3496964682",NA
38.9694,-77.1767,1,"Brassicaceae","Borodinia laevigata",1960,4,30,"NMNH Extant Biology","1320615092",NA
40.963156,-80.130754,NA,"Brassicaceae","Borodinia laevigata",1960,5,6,NA,"2859088755",NA
35.484371,-79.522069,NA,"Brassicaceae","Borodinia laevigata",1960,6,11,NA,"2234306410",NA
40.874737,-79.468093,NA,"Brassicaceae","Borodinia laevigata",1959,5,20,NA,"2859339763",NA
40.370313,-79.306561,NA,"Brassicaceae","Borodinia laevigata",1959,5,6,NA,"2859086758",NA
41.460354,-79.891068,NA,"Brassicaceae","Borodinia laevigata",1959,5,14,NA,"2859373767",NA
40.89014,-76.361791,NA,"Brassicaceae","Borodinia laevigata",1959,6,9,NA,"2859088761",NA
35.533437,-82.926733,NA,"Brassicaceae","Borodinia laevigata",1958,4,25,NA,"2859113987",NA
36.295983,-81.526164,NA,"Brassicaceae","Borodinia laevigata",1958,5,31,NA,"2234307037",NA
41.310166,-77.972313,NA,"Brassicaceae","Borodinia laevigata",1958,5,24,NA,"2859339768",NA
36.0833,-94.5833,NA,"Brassicaceae","Borodinia laevigata",1958,5,6,NA,"2564208022",NA
39.48,-84.67,NA,"Brassicaceae","Borodinia laevigata",1958,5,4,NA,"2575155335",NA
42.4844,-91.1229,NA,"Brassicaceae","Borodinia laevigata",1958,5,16,NA,"2564208028",NA
36.107653,-81.849833,NA,"Brassicaceae","Borodinia laevigata",1958,6,17,NA,"2234307608",NA
40.834229,-80.341439,NA,"Brassicaceae","Borodinia laevigata",1957,4,23,NA,"2859080765",NA
39.996858,-79.932987,NA,"Brassicaceae","Borodinia laevigata",1957,4,26,NA,"2859335761",NA
39.732857,-78.812603,NA,"Brassicaceae","Borodinia laevigata",1957,5,4,NA,"2859081763",NA
39.78153,-77.84294,NA,"Brassicaceae","Borodinia laevigata",1957,5,11,NA,"2859086756",NA
40.442574,-78.177385,NA,"Brassicaceae","Borodinia laevigata",1957,5,2,NA,"2859087765",NA
40.501671,-78.265133,NA,"Brassicaceae","Borodinia laevigata",1957,5,2,NA,"2859093750",NA
40.852839,-80.180396,NA,"Brassicaceae","Borodinia laevigata",1957,5,6,NA,"2859086759",NA
35.856794,-80.387643,NA,"Brassicaceae","Borodinia laevigata",1956,4,14,NA,"2234307688",NA
36.4723,-79.734975,NA,"Brassicaceae","Borodinia laevigata",1956,4,13,NA,"2234306659",NA
35.588803,-80.224281,NA,"Brassicaceae","Borodinia laevigata",1956,4,21,NA,"2234305956",NA
35.591677,-80.214857,NA,"Brassicaceae","Borodinia laevigata",1956,4,21,NA,"2234305116",NA
40.344668,-80.746102,NA,"Brassicaceae","Borodinia laevigata",1956,4,28,NA,"2859354975",NA
40.735922,-80.64184,NA,"Brassicaceae","Borodinia laevigata",1956,4,21,NA,"2859357978",NA
41.081447,-80.297195,NA,"Brassicaceae","Borodinia laevigata",1956,5,2,NA,"2859086760",NA
40.2,-77.91667,NA,"Brassicaceae","Borodinia laevigata",1956,7,16,NA,"2859335768",NA
40.209368,-74.770268,NA,"Brassicaceae","Borodinia laevigata",1956,11,11,NA,"2859097376",NA
40.97891,-80.177538,NA,"Brassicaceae","Borodinia laevigata",1955,4,30,NA,"2859092760",NA
39.762951,-79.94297,NA,"Brassicaceae","Borodinia laevigata",1955,4,16,NA,"2859372751",NA
39.91622,-80.11087,NA,"Brassicaceae","Borodinia laevigata",1955,4,16,NA,"2859334754",NA
40.171744,-78.90808,NA,"Brassicaceae","Borodinia laevigata",1955,6,25,NA,"2859088747",NA
40.792617,-80.272732,NA,"Brassicaceae","Borodinia laevigata",1955,8,6,NA,"2859092764",NA
38.723867,-90.762788,1,"Brassicaceae","Borodinia laevigata",1955,NA,NA,"Tropicos","1258884811",NA
40.756537,-79.479164,NA,"Brassicaceae","Borodinia laevigata",1954,4,29,NA,"2859088754",NA
40.915904,-79.459359,NA,"Brassicaceae","Borodinia laevigata",1954,4,29,NA,"2859339775",NA
35.313703,-83.641001,NA,"Brassicaceae","Borodinia laevigata",1954,5,8,NA,"2234307946",NA
35.918577,-81.937291,NA,"Brassicaceae","Borodinia laevigata",1954,5,9,NA,"2234309142",NA
40.280925,-78.247472,NA,"Brassicaceae","Borodinia laevigata",1954,6,5,NA,"2859369754",NA
39.875351,-80.421577,NA,"Brassicaceae","Borodinia laevigata",1954,7,13,NA,"2859335760",NA
35.080964,-79.939037,NA,"Brassicaceae","Borodinia laevigata",1953,4,5,NA,"2234305879",NA
39.1011,-77.4775,1,"Brassicaceae","Borodinia laevigata",1953,4,22,"NMNH Extant Biology","1321631576",NA
35.669835,-82.471237,NA,"Brassicaceae","Borodinia laevigata",1953,5,3,NA,"2234307337",NA
39.732587,-78.152823,NA,"Brassicaceae","Borodinia laevigata",1953,5,9,NA,"2859373762",NA
40.171738,-78.870144,NA,"Brassicaceae","Borodinia laevigata",1953,5,13,NA,"2859082755",NA
40.61434,-78.131953,NA,"Brassicaceae","Borodinia laevigata",1953,5,31,NA,"2859373764",NA
41.078364,-79.18194,NA,"Brassicaceae","Borodinia laevigata",1953,5,28,NA,"2859083767",NA
39.1317,-77.5278,1,"Brassicaceae","Borodinia laevigata",1953,5,3,"NMNH Extant Biology","1318946446","Fruiting"
39.1317,-77.5278,1,"Brassicaceae","Borodinia laevigata",1953,5,10,"NMNH Extant Biology","1321203436","Fruiting"
39.322572,-81.332209,NA,"Brassicaceae","Borodinia laevigata",1952,4,16,NA,"2859109995",NA
40.856203,-80.315999,NA,"Brassicaceae","Borodinia laevigata",1952,5,3,NA,"2859083753",NA
40.615525,-80.416176,NA,"Brassicaceae","Borodinia laevigata",1952,5,3,NA,"2859083758",NA
41.326457,-77.623872,NA,"Brassicaceae","Borodinia laevigata",1952,7,19,NA,"2859337770",NA
41.446957,-77.931258,NA,"Brassicaceae","Borodinia laevigata",1952,7,20,NA,"2859338752",NA
44.255608,-73.281792,NA,"Brassicaceae","Borodinia laevigata",1952,7,5,NA,"3829936893",NA
39.755373,-80.012861,NA,"Brassicaceae","Borodinia laevigata",1951,4,29,NA,"2859081768",NA
39.744021,-80.422576,NA,"Brassicaceae","Borodinia laevigata",1951,5,22,NA,"2859369756",NA
39.873183,-80.232073,NA,"Brassicaceae","Borodinia laevigata",1951,5,22,NA,"2859373766",NA
39.97713,-80.39322,NA,"Brassicaceae","Borodinia laevigata",1951,5,31,NA,"2859087767",NA
40.983873,-79.347177,NA,"Brassicaceae","Borodinia laevigata",1951,5,12,NA,"2859082761",NA
39.77019,-78.72679,NA,"Brassicaceae","Borodinia laevigata",1951,5,5,NA,"2859079771",NA
41.98533,-80.236495,NA,"Brassicaceae","Borodinia laevigata",1951,5,26,NA,"2859372753",NA
38.356136,-81.839427,NA,"Brassicaceae","Borodinia laevigata",1951,5,3,NA,"2859096990",NA
40.574235,-80.227009,NA,"Brassicaceae","Borodinia laevigata",1950,5,4,NA,"2859338747",NA
40.0178,-80.20724,NA,"Brassicaceae","Borodinia laevigata",1950,5,17,NA,"2859083759",NA
40.750064,-79.672637,NA,"Brassicaceae","Borodinia laevigata",1950,5,25,NA,"2859093753",NA
39.806957,-78.498211,NA,"Brassicaceae","Borodinia laevigata",1950,5,6,NA,"2859086761",NA
39.724499,-78.531786,NA,"Brassicaceae","Borodinia laevigata",1950,5,6,NA,"2859080766",NA
39.998089,-79.783077,NA,"Brassicaceae","Borodinia laevigata",1950,5,3,NA,"2859334755",NA
39.900505,-79.89441,NA,"Brassicaceae","Borodinia laevigata",1950,5,3,NA,"2859337771",NA
39.868782,-79.901321,NA,"Brassicaceae","Borodinia laevigata",1950,5,11,NA,"2859338753",NA
40.127278,-87.898607,NA,"Brassicaceae","Borodinia laevigata",1950,5,21,NA,"3829936832",NA
42.7562,-84.7512,NA,"Brassicaceae","Borodinia laevigata",1950,5,23,NA,"1989398834",NA
40.724118,-89.580098,NA,"Brassicaceae","Borodinia laevigata",1950,8,25,NA,"2859090308",NA
39.876242,-80.001217,NA,"Brassicaceae","Borodinia laevigata",1949,4,30,NA,"2859088753",NA
39.0786,-77.3394,1,"Brassicaceae","Borodinia laevigata",1949,4,16,"NMNH Extant Biology","1320530078","Flowering"
36.114737,-81.66074,NA,"Brassicaceae","Borodinia laevigata",1949,5,14,NA,"2234307632",NA
40.165987,-79.198392,NA,"Brassicaceae","Borodinia laevigata",1949,5,25,NA,"2859083757",NA
41.648836,-79.403103,NA,"Brassicaceae","Borodinia laevigata",1948,5,22,NA,"2859080760",NA
40.011465,-78.335501,NA,"Brassicaceae","Borodinia laevigata",1948,5,1,NA,"2859371755",NA
39.107582,-81.264898,NA,"Brassicaceae","Borodinia laevigata",1947,4,20,NA,"2859393980",NA
35.413946,-83.100874,NA,"Brassicaceae","Borodinia laevigata",1947,5,29,NA,"2234307701",NA
41.415216,-78.735471,NA,"Brassicaceae","Borodinia laevigata",1947,5,31,NA,"2859371750",NA
40.916999,-78.611117,NA,"Brassicaceae","Borodinia laevigata",1947,5,24,NA,"2859370754",NA
41.177284,-79.707828,NA,"Brassicaceae","Borodinia laevigata",1947,5,3,NA,"2859087768",NA
39.810418,-79.354807,NA,"Brassicaceae","Borodinia laevigata",1946,4,22,NA,"2859093746",NA
39.832072,-79.327812,NA,"Brassicaceae","Borodinia laevigata",1946,4,22,NA,"2859079765",NA
40.434513,-80.082278,NA,"Brassicaceae","Borodinia laevigata",1946,4,20,NA,"2859335756",NA
41.024226,-80.614795,NA,"Brassicaceae","Borodinia laevigata",1946,4,20,NA,"2859356975",NA
40.285379,-79.928949,NA,"Brassicaceae","Borodinia laevigata",1946,5,5,NA,"2859083754",NA
40.453076,-79.391511,NA,"Brassicaceae","Borodinia laevigata",1946,5,31,NA,"2859370752",NA
40.689315,-79.692838,NA,"Brassicaceae","Borodinia laevigata",1946,5,11,NA,"2859082762",NA
35.871515,-81.956837,NA,"Brassicaceae","Borodinia laevigata",1946,7,6,NA,"2234306732",NA
40.522687,-79.45143,NA,"Brassicaceae","Borodinia laevigata",1945,4,15,NA,"2859369751",NA
40.576226,-80.402842,NA,"Brassicaceae","Borodinia laevigata",1945,5,9,NA,"2859338751",NA
40.533677,-79.381984,NA,"Brassicaceae","Borodinia laevigata",1942,5,3,NA,"2859372747",NA
40.179252,-81.850596,NA,"Brassicaceae","Borodinia laevigata",1942,5,2,NA,"2859098988",NA
41.8793,-73.4768,NA,"Brassicaceae","Borodinia laevigata",1942,5,14,NA,"2564208019",NA
40.454979,-80.367161,NA,"Brassicaceae","Borodinia laevigata",1942,6,3,NA,"2859082759",NA
41.87926,-73.47679,NA,"Brassicaceae","Borodinia laevigata",1942,NA,NA,NA,"3829936823",NA
39.754801,-80.497801,NA,"Brassicaceae","Borodinia laevigata",1941,4,22,NA,"2859082760",NA
40.456813,-79.451313,NA,"Brassicaceae","Borodinia laevigata",1941,5,8,NA,"2859081767",NA
39.952856,-80.481566,NA,"Brassicaceae","Borodinia laevigata",1941,5,1,NA,"2859093752",NA
39.954818,-80.467664,NA,"Brassicaceae","Borodinia laevigata",1941,5,1,NA,"2859079773",NA
39.990991,-78.269163,NA,"Brassicaceae","Borodinia laevigata",1941,5,7,NA,"2859081775",NA
40.501746,-75.880582,NA,"Brassicaceae","Borodinia laevigata",1941,5,4,NA,"2859079779",NA
42.9783,-85.83179,NA,"Brassicaceae","Borodinia laevigata",1941,5,25,NA,"1988670626",NA
39.874324,-78.675936,NA,"Brassicaceae","Borodinia laevigata",1941,7,20,NA,"2859092766",NA
40.264514,-79.792268,NA,"Brassicaceae","Borodinia laevigata",1940,5,5,NA,"2859370750",NA
40.589411,-79.972993,NA,"Brassicaceae","Borodinia laevigata",1940,5,29,NA,"2859087764",NA
40.456813,-79.451313,NA,"Brassicaceae","Borodinia laevigata",1940,5,16,NA,"2859369755",NA
40.429129,-79.44479,NA,"Brassicaceae","Borodinia laevigata",1940,5,16,NA,"2859088752",NA
40.191678,-80.449415,NA,"Brassicaceae","Borodinia laevigata",1940,5,23,NA,"2859093754",NA
40.239958,-80.202852,NA,"Brassicaceae","Borodinia laevigata",1940,5,11,NA,"2859079772",NA
40.369727,-80.467032,NA,"Brassicaceae","Borodinia laevigata",1940,5,21,NA,"2859086762",NA
40.369124,-80.50507,NA,"Brassicaceae","Borodinia laevigata",1940,5,21,NA,"2859080767",NA
35.886409,-81.884564,NA,"Brassicaceae","Borodinia laevigata",1940,7,5,NA,"2234305417",NA
40.211129,-78.605889,NA,"Brassicaceae","Borodinia laevigata",1939,5,14,NA,"2859087774",NA
39.858722,-77.886407,NA,"Brassicaceae","Borodinia laevigata",1939,5,14,NA,"2859338758",NA
40.4306,-79.450842,NA,"Brassicaceae","Borodinia laevigata",1938,4,26,NA,"2859338750",NA
37.19138,-89.64027,NA,"Brassicaceae","Borodinia laevigata",1938,4,23,"Tropicos","1260972774",NA
40.540727,-80.334807,NA,"Brassicaceae","Borodinia laevigata",1938,5,8,NA,"2859370753",NA
40.276194,-75.763253,NA,"Brassicaceae","Borodinia laevigata",1938,5,12,NA,"2859082769",NA
40.249554,-75.803988,NA,"Brassicaceae","Borodinia laevigata",1938,5,5,NA,"2859093760",NA
40.549363,-80.59785,NA,"Brassicaceae","Borodinia laevigata",1938,5,11,NA,"2859096010",NA
37.1675,-93.84861,NA,"Brassicaceae","Borodinia laevigata",1937,4,20,"Tropicos","1260972600",NA
38.4419,-77.9631,1,"Brassicaceae","Borodinia laevigata",1937,5,16,"NMNH Extant Biology","1320459409","Fruiting"
40.37005,-80.05228,NA,"Brassicaceae","Borodinia laevigata",1937,6,NA,NA,"2859337767",NA
38.8653,-78.025,1,"Brassicaceae","Borodinia laevigata",1937,6,20,"NMNH Extant Biology","1318698600","Fruiting"
40.536024,-79.930194,NA,"Brassicaceae","Borodinia laevigata",1936,5,10,NA,"2859080761",NA
40.290395,-79.507627,NA,"Brassicaceae","Borodinia laevigata",1936,5,17,NA,"2859373765",NA
38.4419,-77.9631,1,"Brassicaceae","Borodinia laevigata",1936,5,15,"NMNH Extant Biology","1319910222","Fruiting"
38.4419,-77.9631,1,"Brassicaceae","Borodinia laevigata",1936,5,15,"NMNH Extant Biology","1322034674",NA
40.301419,-79.443911,NA,"Brassicaceae","Borodinia laevigata",1936,6,8,NA,"2859087766",NA
43.60158,-84.2923,NA,"Brassicaceae","Borodinia laevigata",1936,6,4,NA,"1988784778",NA
27.9333,-81.8,NA,"Brassicaceae","Borodinia laevigata",1936,6,11,NA,"2564208036",NA
38.3419,-78.0292,1,"Brassicaceae","Borodinia laevigata",1936,6,21,"NMNH Extant Biology","1317687618","Fruiting"
38.08333,-93.116666,1,"Brassicaceae","Borodinia laevigata",1935,4,25,"Tropicos","1258885732",NA
41.019041,-80.326642,NA,"Brassicaceae","Borodinia laevigata",1935,5,5,NA,"2859092765",NA
35.939808,-83.930763,NA,"Brassicaceae","Borodinia laevigata",1934,4,11,NA,"3091240894",NA
40.543671,-80.300447,NA,"Brassicaceae","Borodinia laevigata",1934,5,9,NA,"2859339767",NA
41.39599,-72.92155,NA,"Brassicaceae","Borodinia laevigata",1934,5,27,NA,"2573086910",NA
38.9986,-77.2542,1,"Brassicaceae","Borodinia laevigata",1934,5,20,"NMNH Extant Biology","1317478123","Fruiting"
45.3085,-74.05826,NA,"Brassicaceae","Borodinia laevigata",1934,6,6,NA,"667471967",NA
39.87666,-92.02388,NA,"Brassicaceae","Borodinia laevigata",1933,6,29,"Tropicos","1260960969",NA
38.9986,-77.2542,1,"Brassicaceae","Borodinia laevigata",1932,4,16,"NMNH Extant Biology","1318910248","Flowering"
40.57274,-75.19258,NA,"Brassicaceae","Borodinia laevigata",1932,7,7,NA,"2859080763",NA
39.870881,-79.494581,NA,"Brassicaceae","Borodinia laevigata",1932,NA,NA,NA,"2859370755",NA
38.55194,-90.53138,NA,"Brassicaceae","Borodinia laevigata",1931,4,17,"Tropicos","1260931666",NA
40.405044,-80.510941,NA,"Brassicaceae","Borodinia laevigata",1930,5,4,NA,"2859339769",NA
40.612767,-80.276483,NA,"Brassicaceae","Borodinia laevigata",1930,5,2,NA,"2859110994",NA
40.590403,-80.183762,NA,"Brassicaceae","Borodinia laevigata",1929,4,27,NA,"2859334751",NA
41.586425,-78.02056,NA,"Brassicaceae","Borodinia laevigata",1929,NA,NA,NA,"2859092773",NA
40.330187,-80.11025,NA,"Brassicaceae","Borodinia laevigata",1928,5,19,NA,"2859086755",NA
40.875063,-80.237199,NA,"Brassicaceae","Borodinia laevigata",1927,5,14,NA,"2859334749",NA
42.229871,-79.868727,NA,"Brassicaceae","Borodinia laevigata",1927,8,2,NA,"2859373768",NA
39.821195,-78.845577,NA,"Brassicaceae","Borodinia laevigata",1926,5,NA,NA,"2859339766",NA
42.24417,-83.62111,NA,"Brassicaceae","Borodinia laevigata",1925,5,20,NA,"1988641498",NA
40.671733,-80.332007,NA,"Brassicaceae","Borodinia laevigata",1923,5,6,NA,"2859337769",NA
40.280203,-75.509865,NA,"Brassicaceae","Borodinia laevigata",1923,6,10,NA,"2859092762",NA
42.72364,-84.45609,NA,"Brassicaceae","Borodinia laevigata",1923,6,9,NA,"1988682150",NA
42.762596,-84.393193,NA,"Brassicaceae","Borodinia laevigata",1923,6,9,NA,"1988751873",NA
39.896464,-80.17923,NA,"Brassicaceae","Borodinia laevigata",1922,4,NA,NA,"2859079770",NA
40.381351,-79.764717,NA,"Brassicaceae","Borodinia laevigata",1922,5,6,NA,"2859370749",NA
40.589234,-80.22506,NA,"Brassicaceae","Borodinia laevigata",1922,5,7,NA,"2859334753",NA
40.19161,-79.91986,NA,"Brassicaceae","Borodinia laevigata",1921,4,23,NA,"2859335762",NA
40.19161,-79.91986,NA,"Brassicaceae","Borodinia laevigata",1921,4,23,NA,"2859082763",NA
41.834217,-86.623722,NA,"Brassicaceae","Borodinia laevigata",1921,5,19,NA,"1989432394",NA
40.287723,-79.944321,NA,"Brassicaceae","Borodinia laevigata",1920,5,2,NA,"2859087763",NA
41.238577,-76.996908,NA,"Brassicaceae","Borodinia laevigata",1920,5,12,NA,"2859088750",NA
39.984282,-79.496591,NA,"Brassicaceae","Borodinia laevigata",1920,6,30,NA,"2859371756",NA
40.372894,-80.365328,NA,"Brassicaceae","Borodinia laevigata",1919,4,27,NA,"2859083760",NA
41.238577,-76.996908,NA,"Brassicaceae","Borodinia laevigata",1919,5,3,NA,"2859083755",NA
42.395502,-83.296385,NA,"Brassicaceae","Borodinia laevigata",1919,6,29,NA,"1988601194",NA
41.834217,-86.623722,NA,"Brassicaceae","Borodinia laevigata",1919,7,30,NA,"1989032602",NA
38.9981,-77.2886,1,"Brassicaceae","Borodinia laevigata",1918,4,28,"NMNH Extant Biology","1320317447","Flowering"
40.409416,-79.728282,NA,"Brassicaceae","Borodinia laevigata",1916,5,7,NA,"2859371754",NA
38.9842,-77.2358,1,"Brassicaceae","Borodinia laevigata",1916,5,10,"NMNH Extant Biology","1319739050","Fruiting"
40.95284,-80.17006,NA,"Brassicaceae","Borodinia laevigata",1916,6,3,NA,"2859335755",NA
40.243089,-79.142595,NA,"Brassicaceae","Borodinia laevigata",1916,6,9,NA,"2859372750",NA
38.9694,-77.1767,1,"Brassicaceae","Borodinia laevigata",1915,4,15,"NMNH Extant Biology","1317461620",NA
38.9694,-77.1767,1,"Brassicaceae","Borodinia laevigata",1915,4,15,"NMNH Extant Biology","1318237573",NA
38.9694,-77.1767,1,"Brassicaceae","Borodinia laevigata",1915,4,25,"NMNH Extant Biology","1320748043",NA
38.9694,-77.1767,1,"Brassicaceae","Borodinia laevigata",1915,5,2,"NMNH Extant Biology","1320457263",NA
42.535628,-76.610779,NA,"Brassicaceae","Borodinia laevigata",1915,7,31,NA,"2859111982",NA
37.92611,-91.9775,NA,"Brassicaceae","Borodinia laevigata",1914,4,28,"Tropicos","1260950118",NA
36.54555,-94.485,NA,"Brassicaceae","Borodinia laevigata",1914,4,20,"Tropicos","1260959665",NA
42.3667,-72.5167,NA,"Brassicaceae","Borodinia laevigata",1914,7,11,NA,"2564208020",NA
40.5363,-79.96742,NA,"Brassicaceae","Borodinia laevigata",1913,5,3,NA,"2859079766",NA
42.2793,-72.9787,NA,"Brassicaceae","Borodinia laevigata",1913,5,17,NA,"2564208025",NA
40.5363,-79.96742,NA,"Brassicaceae","Borodinia laevigata",1912,5,16,NA,"2859339764",NA
40.5363,-79.96742,NA,"Brassicaceae","Borodinia laevigata",1912,5,12,NA,"2859338748",NA
40.3667,-79.25,NA,"Brassicaceae","Borodinia laevigata",1912,5,25,NA,"2859335758",NA
40.5363,-79.96742,NA,"Brassicaceae","Borodinia laevigata",1911,5,30,NA,"2859093747",NA
41.468217,-82.66661,NA,"Brassicaceae","Borodinia laevigata",1911,7,NA,NA,"2859389957",NA
40.433125,-79.904495,NA,"Brassicaceae","Borodinia laevigata",1910,4,NA,NA,"2859088749",NA
41.468217,-82.66661,NA,"Brassicaceae","Borodinia laevigata",1910,7,1,NA,"2859355976",NA
40.42368,-79.882828,NA,"Brassicaceae","Borodinia laevigata",1909,7,29,NA,"2859371752",NA
40.123421,-79.890835,NA,"Brassicaceae","Borodinia laevigata",1908,4,22,NA,"2859092767",NA
40.506411,-79.851195,NA,"Brassicaceae","Borodinia laevigata",1908,5,14,NA,"2859082756",NA
40.369727,-80.467032,NA,"Brassicaceae","Borodinia laevigata",1908,5,21,NA,"2859093755",NA
40.369727,-80.467032,NA,"Brassicaceae","Borodinia laevigata",1908,5,21,NA,"2859086763",NA
44.20635,-73.27721,NA,"Brassicaceae","Borodinia laevigata",1908,5,31,NA,"2573056460",NA
41.626188,-75.78047,NA,"Brassicaceae","Borodinia laevigata",1907,5,22,NA,"2859080762",NA
42.10205,-73.35997,NA,"Brassicaceae","Borodinia laevigata",1907,5,22,NA,"2573127220",NA
42.071259,-86.163857,NA,"Brassicaceae","Borodinia laevigata",1906,6,2,NA,"1988936139",NA
44.55473,-73.21948,NA,"Brassicaceae","Borodinia laevigata",1906,8,1,NA,"2573074027",NA
38.9689,-77.1428,1,"Brassicaceae","Borodinia laevigata",1905,5,25,"NMNH Extant Biology","1320259379",NA
38.9361,-77.0658,1,"Brassicaceae","Borodinia laevigata",1905,5,5,"NMNH Extant Biology","1322907925","Flowering"
42.163531,-80.101233,NA,"Brassicaceae","Borodinia laevigata",1905,6,NA,NA,"2859369757",NA
41.4489,-82.7081,NA,"Brassicaceae","Borodinia laevigata",1905,7,7,NA,"2565375157",NA
40.506411,-79.851195,NA,"Brassicaceae","Borodinia laevigata",1904,5,11,NA,"2859339765",NA
40.480182,-79.857586,NA,"Brassicaceae","Borodinia laevigata",1904,5,8,NA,"2859093748",NA
40.6034,-78.324736,NA,"Brassicaceae","Borodinia laevigata",1904,5,18,NA,"2859081766",NA
40.397015,-79.151699,NA,"Brassicaceae","Borodinia laevigata",1904,5,19,NA,"2859334752",NA
40.17453,-79.30631,NA,"Brassicaceae","Borodinia laevigata",1904,6,23,NA,"2859337768",NA
40.49082,-79.89832,NA,"Brassicaceae","Borodinia laevigata",1904,6,18,NA,"2859080774",NA
39.667128,-78.972302,NA,"Brassicaceae","Borodinia laevigata",1903,5,23,NA,"2859389956",NA
39.652865,-78.762518,NA,"Brassicaceae","Borodinia laevigata",1902,5,NA,NA,"2859358961",NA
40.433701,-79.99714,NA,"Brassicaceae","Borodinia laevigata",1902,NA,NA,NA,"2859079767",NA
40.35463,-80.10292,NA,"Brassicaceae","Borodinia laevigata",1901,5,22,NA,"2859372748",NA
40.340625,-80.032553,NA,"Brassicaceae","Borodinia laevigata",1901,5,16,NA,"2859081765",NA
39.871777,-75.591318,NA,"Brassicaceae","Borodinia laevigata",1901,5,25,NA,"2859082758",NA
36.8292,-90.8228,NA,"Brassicaceae","Borodinia laevigata",1901,5,6,"Tropicos","1257726822",NA
40.525276,-80.23931,NA,"Brassicaceae","Borodinia laevigata",1900,4,29,NA,"2859369753",NA
38.8428,-77.0006,1,"Brassicaceae","Borodinia laevigata",1900,4,22,"NMNH Extant Biology","1321139392","Flowering"
40.486117,-80.092551,NA,"Brassicaceae","Borodinia laevigata",1899,4,27,NA,"2859338749",NA
40.505677,-80.105351,NA,"Brassicaceae","Borodinia laevigata",1899,5,3,NA,"2859334750",NA
35.960638,-83.920739,NA,"Brassicaceae","Borodinia laevigata",1898,4,NA,NA,"2234307024",NA
35.960638,-83.920739,NA,"Brassicaceae","Borodinia laevigata",1898,4,NA,NA,"2234306901",NA
41.154498,-82.541006,NA,"Brassicaceae","Borodinia laevigata",1898,NA,NA,NA,"2859348299",NA
35.540711,-82.556116,NA,"Brassicaceae","Borodinia laevigata",1897,4,16,NA,"2234306655",NA
38.895112,-77.036366,NA,"Brassicaceae","Borodinia laevigata",1897,4,23,NA,"2234309641",NA
35.540711,-82.556116,NA,"Brassicaceae","Borodinia laevigata",1897,4,16,NA,"2234307598",NA
41.093364,-89.797494,NA,"Brassicaceae","Borodinia laevigata",1897,5,27,NA,"4020579335",NA
38.70416,-91.43722,NA,"Brassicaceae","Borodinia laevigata",1897,5,2,"Tropicos","1260982523",NA
38.8967,-77.0728,1,"Brassicaceae","Borodinia laevigata",1897,6,15,"NMNH Extant Biology","1317409842","Fruiting"
38.9436,-77.1261,1,"Brassicaceae","Borodinia laevigata",1896,4,20,"NMNH Extant Biology","1320351765","Flowering"
40.75839,-82.515447,NA,"Brassicaceae","Borodinia laevigata",1895,5,13,NA,"2859358962",NA
44.64796,-72.68504,NA,"Brassicaceae","Borodinia laevigata",1895,6,25,NA,"2573072095",NA
42.69779,-84.44777,NA,"Brassicaceae","Borodinia laevigata",1895,6,6,NA,"1988863495",NA
36.030028,-82.163512,NA,"Brassicaceae","Borodinia laevigata",1893,5,4,NA,"2234308471",NA
42.78253,-85.694471,NA,"Brassicaceae","Borodinia laevigata",1893,5,30,NA,"1989135965",NA
36.97111,-90.54944,NA,"Brassicaceae","Borodinia laevigata",1893,5,17,"Tropicos","1260941715",NA
42.29559,-83.7426,NA,"Brassicaceae","Borodinia laevigata",1892,5,26,NA,"1988863258",NA
40.401189,-79.78025,NA,"Brassicaceae","Borodinia laevigata",1890,7,1,NA,"2859373763",NA
40.43176,-79.87714,NA,"Brassicaceae","Borodinia laevigata",1889,4,21,NA,"2859088748",NA
40.68544,-75.21794,NA,"Brassicaceae","Borodinia laevigata",1889,4,28,NA,"2859093749",NA
40.503011,-80.079172,NA,"Brassicaceae","Borodinia laevigata",1889,6,7,NA,"2859369752",NA
40.68544,-75.21794,NA,"Brassicaceae","Borodinia laevigata",1889,6,8,NA,"2859391510",NA
40.50629,-78.40321,NA,"Brassicaceae","Borodinia laevigata",1889,7,12,NA,"2859088751",NA
38.895,-77.0367,1,"Brassicaceae","Borodinia laevigata",1888,4,24,"NMNH Extant Biology","1321190263","Flowering"
40.684634,-75.220838,NA,"Brassicaceae","Borodinia laevigata",1888,5,9,NA,"2859079768",NA
38.8506,-76.995,1,"Brassicaceae","Borodinia laevigata",1888,6,24,"NMNH Extant Biology","1317637871",NA
40.422453,-80.016607,NA,"Brassicaceae","Borodinia laevigata",1886,5,NA,NA,"2859371751",NA
40.425192,-80.030376,NA,"Brassicaceae","Borodinia laevigata",1886,5,NA,NA,"2859081764",NA
40.422453,-80.016607,NA,"Brassicaceae","Borodinia laevigata",1886,5,NA,NA,"2859082757",NA
41.225237,-80.483405,NA,"Brassicaceae","Borodinia laevigata",1886,5,17,NA,"2859093751",NA
40.51962,-79.88988,NA,"Brassicaceae","Borodinia laevigata",1885,6,NA,NA,"2859389510",NA
42.12774,-80.109874,NA,"Brassicaceae","Borodinia laevigata",1880,5,NA,NA,"2859089607",NA
42.454383,-76.499662,NA,"Brassicaceae","Borodinia laevigata",1880,5,NA,NA,"3829936884",NA
39.882324,-76.268846,NA,"Brassicaceae","Borodinia laevigata",1880,NA,NA,NA,"2859092761",NA
40.979395,-75.143204,NA,"Brassicaceae","Borodinia laevigata",1880,NA,NA,NA,"2859086757",NA
43.09254,-84.83763,NA,"Brassicaceae","Borodinia laevigata",1880,NA,NA,NA,"1989413429",NA
38.895,-77.0367,1,"Brassicaceae","Borodinia laevigata",1879,5,30,"NMNH Extant Biology","1319391861",NA
41.835032,-87.822836,NA,"Brassicaceae","Borodinia laevigata",1873,5,21,NA,"2859354974",NA
41.43246,-79.70595,NA,"Brassicaceae","Borodinia laevigata",1873,6,27,NA,"2859081769",NA
42.7245,-73.6857,NA,"Brassicaceae","Borodinia laevigata",1830,5,NA,NA,"2252418362",NA
41.8333,-88.0833,NA,"Brassicaceae","Borodinia laevigata",NA,NA,NA,"seeds-21-dec-2022","1228480434",NA
41.472212,-87.376386,NA,"Brassicaceae","Borodinia laevigata",NA,NA,NA,"seeds-21-dec-2022","1228248914",NA
41.646898,-87.069366,NA,"Brassicaceae","Borodinia laevigata",NA,NA,NA,"seeds-21-dec-2022","1228605557",NA
42.606499,-75.515941,NA,"Brassicaceae","Borodinia laevigata",NA,NA,NA,NA,"2859109993",NA
41.95,-88.4333,NA,"Brassicaceae","Borodinia laevigata",NA,NA,NA,"seeds-21-dec-2022","1228540176",NA
43.013903,-87.896195,NA,"Brassicaceae","Borodinia laevigata",NA,NA,NA,"seeds-21-dec-2022","1228624319",NA
41.644383,-87.081189,NA,"Brassicaceae","Borodinia laevigata",NA,NA,NA,"seeds-21-dec-2022","1228428286",NA
44.55473,-73.21948,NA,"Brassicaceae","Borodinia laevigata",NA,NA,NA,NA,"2573053660",NA
44.20635,-73.27721,NA,"Brassicaceae","Borodinia laevigata",NA,NA,NA,NA,"2573069436",NA
44.30894,-73.23596,NA,"Brassicaceae","Borodinia laevigata",NA,NA,NA,NA,"2573070707",NA
44.38874,-73.24227,NA,"Brassicaceae","Borodinia laevigata",NA,NA,NA,NA,"2573077658",NA
44.55473,-73.21948,NA,"Brassicaceae","Borodinia laevigata",NA,NA,NA,NA,"2573080252",NA
44.30894,-73.23596,NA,"Brassicaceae","Borodinia laevigata",NA,NA,NA,NA,"2573086496",NA
43.79975,-73.08017,NA,"Brassicaceae","Borodinia laevigata",NA,NA,NA,NA,"2573090550",NA
44.20635,-73.27721,NA,"Brassicaceae","Borodinia laevigata",NA,NA,NA,NA,"2573092481",NA
44.20635,-73.27721,NA,"Brassicaceae","Borodinia laevigata",NA,NA,NA,NA,"2573098194",NA
44.30894,-73.23596,NA,"Brassicaceae","Borodinia laevigata",NA,NA,NA,NA,"2573103176",NA
44.30894,-73.23596,NA,"Brassicaceae","Borodinia laevigata",NA,NA,NA,NA,"2573107693",NA
44.48735,-73.23124,NA,"Brassicaceae","Borodinia laevigata",NA,NA,NA,NA,"2573110825",NA
44.55473,-73.21948,NA,"Brassicaceae","Borodinia laevigata",NA,NA,NA,NA,"2573110074",NA
44.64296,-73.15351,NA,"Brassicaceae","Borodinia laevigata",NA,NA,NA,NA,"2573115473",NA
44.64296,-73.15351,NA,"Brassicaceae","Borodinia laevigata",NA,NA,NA,NA,"2573124466",NA
44.64796,-72.68504,NA,"Brassicaceae","Borodinia laevigata",NA,NA,NA,NA,"2573121397",NA
40,-86,NA,"Brassicaceae","Borodinia laevigata",NA,NA,NA,"seeds-21-dec-2022","1228408444",NA
41.95,-88.4333,NA,"Brassicaceae","Borodinia laevigata",NA,NA,NA,"seeds-21-dec-2022","1228554180",NA
41.95,-88.4333,NA,"Brassicaceae","Borodinia laevigata",NA,NA,NA,"seeds-21-dec-2022","1228428649",NA
41.850033,-87.650052,NA,"Brassicaceae","Borodinia laevigata",NA,NA,NA,"seeds-21-dec-2022","1228622598",NA
41.633368,-87.633102,NA,"Brassicaceae","Borodinia laevigata",NA,NA,NA,"seeds-21-dec-2022","1228194635",NA
41.15,-87.8667,NA,"Brassicaceae","Borodinia laevigata",NA,NA,NA,"seeds-21-dec-2022","1228377677",NA
41.850033,-87.650052,NA,"Brassicaceae","Borodinia laevigata",NA,NA,NA,"seeds-21-dec-2022","1228317845",NA
41.633368,-87.633102,NA,"Brassicaceae","Borodinia laevigata",NA,NA,NA,"seeds-21-dec-2022","1228475363",NA
41.8333,-87.85,NA,"Brassicaceae","Borodinia laevigata",NA,NA,NA,"seeds-21-dec-2022","1228256174",NA
41.633368,-87.633102,NA,"Brassicaceae","Borodinia laevigata",NA,NA,NA,"seeds-21-dec-2022","1228343921",NA
42.181692,-87.800344,NA,"Brassicaceae","Borodinia laevigata",NA,NA,NA,"seeds-21-dec-2022","1228449083",NA
42.135027,-87.758119,NA,"Brassicaceae","Borodinia laevigata",NA,NA,NA,"seeds-21-dec-2022","1228318296",NA
41.649034,-87.048043,NA,"Brassicaceae","Borodinia laevigata",NA,NA,NA,"seeds-21-dec-2022","1228231141",NA
41.850033,-87.650052,NA,"Brassicaceae","Borodinia laevigata",NA,NA,NA,"seeds-21-dec-2022","1228305385",NA
42.446132,-87.83285,NA,"Brassicaceae","Borodinia laevigata",NA,NA,NA,"seeds-21-dec-2022","1228351392",NA
41.8333,-87.85,NA,"Brassicaceae","Borodinia laevigata",NA,NA,NA,"seeds-21-dec-2022","1228552367",NA
42.181692,-87.800344,NA,"Brassicaceae","Borodinia laevigata",NA,NA,NA,"seeds-21-dec-2022","1228433074",NA
41.8333,-87.85,NA,"Brassicaceae","Borodinia laevigata",NA,NA,NA,"seeds-21-dec-2022","1228522321",NA
42.421421,-87.857216,NA,"Brassicaceae","Borodinia laevigata",NA,NA,NA,"seeds-21-dec-2022","1228262963",NA
41.15,-87.8667,NA,"Brassicaceae","Borodinia laevigata",NA,NA,NA,"seeds-21-dec-2022","1228453429",NA
41.804068,-87.873861,NA,"Brassicaceae","Borodinia laevigata",NA,NA,NA,"seeds-21-dec-2022","1228564012",NA
41.4333,-87.9667,NA,"Brassicaceae","Borodinia laevigata",NA,NA,NA,"seeds-21-dec-2022","1228398762",NA
42.127527,-87.828955,NA,"Brassicaceae","Borodinia laevigata",NA,NA,NA,"seeds-21-dec-2022","1228346438",NA
42.3333,-88.4667,NA,"Brassicaceae","Borodinia laevigata",NA,NA,NA,"seeds-21-dec-2022","1228500343",NA
41.95,-88.4333,NA,"Brassicaceae","Borodinia laevigata",NA,NA,NA,"seeds-21-dec-2022","1228434110",NA
42.158245,-87.773931,NA,"Brassicaceae","Borodinia laevigata",NA,NA,NA,"seeds-21-dec-2022","1228485865",NA
42.4584,-71.0662,NA,"Brassicaceae","Borodinia laevigata",NA,NA,NA,NA,"2564208031",NA
42.037249,-88.28119,NA,"Brassicaceae","Borodinia laevigata",NA,NA,NA,"seeds-21-dec-2022","1228575553",NA
41.15,-87.8667,NA,"Brassicaceae","Borodinia laevigata",NA,NA,NA,"seeds-21-dec-2022","1228369425",NA
38.9986,-77.2542,1,"Brassicaceae","Borodinia laevigata",NA,NA,NA,"NMNH Extant Biology","1317701934",NA
39.1111,-77.8342,1,"Brassicaceae","Borodinia laevigata",NA,NA,NA,"NMNH Extant Biology","1318919700","Fruiting"
38.895,-77.0367,1,"Brassicaceae","Borodinia laevigata",NA,NA,NA,"NMNH Extant Biology","1318977550",NA
38.895,-77.0367,1,"Brassicaceae","Borodinia laevigata",NA,NA,NA,"NMNH Extant Biology","1319453317","Flowering"
38.895,-77.0367,1,"Brassicaceae","Borodinia laevigata",NA,NA,NA,"NMNH Extant Biology","1321057313",NA
38.895,-77.0367,1,"Brassicaceae","Borodinia laevigata",NA,NA,NA,"NMNH Extant Biology","1321152470","Flowering"
38.895,-77.0367,1,"Brassicaceae","Borodinia laevigata",NA,NA,NA,"NMNH Extant Biology","1321580425",NA
