"","latitude","longitude","individualCount","family","species","year","month","day","gbifID","lifeStage"
"1",40.538192,-78.156206,NA,"Brassicaceae","Arabis laevigata",2019,6,20,2859221996,NA
"2",39.194591,-86.514367,NA,"Brassicaceae","Arabis laevigata",2017,4,11,2270496976,NA
"3",39.767868,-78.447865,NA,"Brassicaceae","Arabis laevigata",2015,5,13,2859479482,NA
"4",40.977311,-75.141169,NA,"Brassicaceae","Arabis laevigata",2015,5,21,2859505512,NA
"5",41.754,-74.153,1,"Brassicaceae","Arabis laevigata",2014,5,5,3408370289,"Flowering"
"6",38.892,-78.146,NA,"Brassicaceae","Arabis laevigata",2013,5,1,2251340350,NA
"7",36.390481,-83.853842,NA,"Brassicaceae","Arabis laevigata",2012,3,21,1989999852,NA
"8",40.486016,-78.161855,NA,"Brassicaceae","Arabis laevigata",2012,4,18,2859480786,NA
"9",41.754,-74.153,5,"Brassicaceae","Arabis laevigata",2012,5,3,3408441076,NA
"10",41.754,-74.153,1,"Brassicaceae","Arabis laevigata",2011,4,28,3408334896,NA
"11",41.754,-74.153,1,"Brassicaceae","Arabis laevigata",2011,5,5,3408369858,NA
"12",35.65,-83.44,NA,"Brassicaceae","Arabis laevigata",2011,6,2,4042774911,NA
"13",37.707481,-84.480286,NA,"Brassicaceae","Arabis laevigata",2010,3,29,1978074687,NA
"14",41.754,-74.153,1,"Brassicaceae","Arabis laevigata",2010,4,15,3408330664,NA
"15",40.40931,-79.682272,NA,"Brassicaceae","Arabis laevigata",2009,4,28,2859095226,NA
"16",41.754,-74.153,1,"Brassicaceae","Arabis laevigata",2009,4,22,3408438373,NA
"17",41.754,-74.153,1,"Brassicaceae","Arabis laevigata",2009,4,30,3408396345,NA
"18",41.349366,-73.426958,NA,"Brassicaceae","Arabis laevigata",2009,5,21,1932899156,NA
"19",40.515714,-79.415426,NA,"Brassicaceae","Arabis laevigata",2009,7,6,2859364424,NA
"20",40.387588,-79.115874,NA,"Brassicaceae","Arabis laevigata",2008,4,30,2859111207,NA
"21",41.754,-74.153,1,"Brassicaceae","Arabis laevigata",2008,4,24,3408330071,NA
"22",41.754,-74.153,1,"Brassicaceae","Arabis laevigata",2008,5,8,3408393051,NA
"23",40.564721,-79.518233,NA,"Brassicaceae","Arabis laevigata",2008,6,18,2859401427,NA
"24",34.58,-87.66,NA,"Brassicaceae","Arabis laevigata",2007,4,7,3744699996,NA
"25",41.754,-74.153,1,"Brassicaceae","Arabis laevigata",2007,4,26,3408367693,NA
"26",41.754,-74.153,1,"Brassicaceae","Arabis laevigata",2007,4,30,3408400731,NA
"27",41.754,-74.153,1,"Brassicaceae","Arabis laevigata",2007,5,10,3408399728,NA
"28",34.53,-86.3,NA,"Brassicaceae","Arabis laevigata",2006,3,25,3744699990,NA
"29",41.754,-74.153,1,"Brassicaceae","Arabis laevigata",2006,4,20,3408357324,NA
"30",41.754,-74.153,1,"Brassicaceae","Arabis laevigata",2006,5,2,3408359338,NA
"31",40.415384,-77.56911,NA,"Brassicaceae","Arabis laevigata",2006,7,18,2859105499,NA
"32",41.754,-74.153,2,"Brassicaceae","Arabis laevigata",2006,7,7,3408434542,NA
"33",41.754,-74.153,1,"Brassicaceae","Arabis laevigata",2005,4,25,3408359011,NA
"34",41.754,-74.153,5,"Brassicaceae","Arabis laevigata",2005,4,26,3408324038,NA
"35",41.754,-74.153,2,"Brassicaceae","Arabis laevigata",2005,4,29,3408325053,NA
"36",41.754,-74.153,1,"Brassicaceae","Arabis laevigata",2005,5,14,3408388046,NA
"37",36.11175,-83.766571,NA,"Brassicaceae","Arabis laevigata",2004,3,28,1989999720,NA
"38",36.268412,-93.943855,NA,"Brassicaceae","Arabis laevigata",2004,4,3,3695164192,NA
"39",41.754,-74.153,2,"Brassicaceae","Arabis laevigata",2004,5,6,3408398823,NA
"40",41.754,-74.153,2,"Brassicaceae","Arabis laevigata",2004,10,21,3408324934,NA
"41",33.7,-87.47,NA,"Brassicaceae","Arabis laevigata",2003,3,20,3744699794,NA
"42",40.9802,-74.3216,NA,"Brassicaceae","Arabis laevigata",2003,5,29,3865100038,NA
"43",40.969584,-76.368944,NA,"Brassicaceae","Arabis laevigata",2003,5,8,2859245764,NA
"44",40.972803,-76.465563,NA,"Brassicaceae","Arabis laevigata",2003,5,16,2859243737,NA
"45",41.754,-74.153,1,"Brassicaceae","Arabis laevigata",2003,5,8,3408432600,NA
"46",40.462017,-78.199732,NA,"Brassicaceae","Arabis laevigata",2003,6,11,2859368480,NA
"47",40.735612,-75.152743,NA,"Brassicaceae","Arabis laevigata",2003,6,4,3865094989,NA
"48",41.022694,-76.442254,NA,"Brassicaceae","Arabis laevigata",2003,7,3,2859222753,NA
"49",41.754,-74.153,1,"Brassicaceae","Arabis laevigata",2002,4,18,3408398345,NA
"50",41.754,-74.153,1,"Brassicaceae","Arabis laevigata",2001,4,27,3408355075,NA
"51",41.754,-74.153,1,"Brassicaceae","Arabis laevigata",2001,5,11,3408350093,NA
"52",35.850868,-84.058839,NA,"Brassicaceae","Arabis laevigata",2000,4,1,1989999707,NA
"53",41.754,-74.153,1,"Brassicaceae","Arabis laevigata",2000,4,19,3408349854,NA
"54",35.0748,-82.2335,NA,"Brassicaceae","Arabis laevigata",2000,6,13,3344418327,"Mature"
"55",41.754,-74.153,1,"Brassicaceae","Arabis laevigata",1999,5,10,3408382713,"Flowering"
"56",41.754,-74.153,1,"Brassicaceae","Arabis laevigata",1998,4,17,3408389522,NA
"57",41.754,-74.153,2,"Brassicaceae","Arabis laevigata",1998,4,21,3408356508,NA
"58",33.89,-86.82,NA,"Brassicaceae","Arabis laevigata",1997,3,14,3744700003,NA
"59",41.754,-74.153,1,"Brassicaceae","Arabis laevigata",1997,4,22,3408354336,"Flowering"
"60",41.754,-74.153,1,"Brassicaceae","Arabis laevigata",1997,5,2,3408417377,NA
"61",41.754,-74.153,4,"Brassicaceae","Arabis laevigata",1997,5,8,3408390372,NA
"62",41.754,-74.153,1,"Brassicaceae","Arabis laevigata",1996,5,6,3408311204,NA
"63",41.754,-74.153,1,"Brassicaceae","Arabis laevigata",1996,5,31,3408313224,NA
"64",41.8306,-77.955646,NA,"Brassicaceae","Arabis laevigata",1996,6,24,3865100007,NA
"65",41.754,-74.153,1,"Brassicaceae","Arabis laevigata",1995,5,2,3408348036,"Flowering"
"66",41.754,-74.153,1,"Brassicaceae","Arabis laevigata",1994,4,29,3408419875,NA
"67",41.754,-74.153,1,"Brassicaceae","Arabis laevigata",1993,5,6,3408388697,NA
"68",34.86888,-93.107078,NA,"Brassicaceae","Arabis laevigata",1991,3,26,3698763786,NA
"69",41.754,-74.153,1,"Brassicaceae","Arabis laevigata",1991,4,19,3408346355,NA
"70",41.754,-74.153,1,"Brassicaceae","Arabis laevigata",1991,5,6,3408312387,NA
"71",41.754,-74.153,1,"Brassicaceae","Arabis laevigata",1991,5,8,3408345378,NA
"72",41.754,-74.153,1,"Brassicaceae","Arabis laevigata",1991,5,9,3408346373,NA
"73",38,-85,NA,"Brassicaceae","Arabis laevigata",1990,4,21,1978037732,NA
"74",38,-85,NA,"Brassicaceae","Arabis laevigata",1990,5,15,1978037769,NA
"75",38.205556,-84.895833,NA,"Brassicaceae","Arabis laevigata",1990,5,12,1978077206,NA
"76",42.807002,-87.864613,NA,"Brassicaceae","Arabis laevigata",1989,5,15,1305236566,NA
"77",43.505933,-88.21057,NA,"Brassicaceae","Arabis laevigata",1989,5,20,1305236110,NA
"78",34.286655,-84.589067,NA,"Brassicaceae","Arabis laevigata",1988,4,14,3344418314,"Mature"
"79",34.8,-87.7,NA,"Brassicaceae","Arabis laevigata",1988,4,9,3744699994,NA
"80",43.465018,-88.530965,NA,"Brassicaceae","Arabis laevigata",1988,7,11,1305235342,NA
"81",43.505933,-88.21057,NA,"Brassicaceae","Arabis laevigata",1988,7,27,1305235820,NA
"82",43.608221,-88.169127,NA,"Brassicaceae","Arabis laevigata",1987,5,21,1305228249,NA
"83",43.608221,-88.169127,NA,"Brassicaceae","Arabis laevigata",1987,5,27,1305228286,NA
"84",39.708887,-78.331352,NA,"Brassicaceae","Arabis laevigata",1986,5,26,3344418275,"Mature"
"85",39.968147,-80.44975,NA,"Brassicaceae","Arabis laevigata",1985,4,17,2859391540,NA
"86",39.079408,-81.814491,NA,"Brassicaceae","Arabis laevigata",1984,5,9,1932893467,NA
"87",33.24,-87.43,NA,"Brassicaceae","Arabis laevigata",1983,3,29,3744685541,NA
"88",34.564492,-92.692529,NA,"Brassicaceae","Arabis laevigata",1983,4,15,1932894204,NA
"89",35.688014,-83.797838,NA,"Brassicaceae","Arabis laevigata",1983,4,30,1932897061,NA
"90",37.53942,-84.22589,NA,"Brassicaceae","Arabis laevigata",1983,5,31,1932893279,NA
"91",39.49418,-77.826164,NA,"Brassicaceae","Arabis laevigata",1981,3,29,2573003317,NA
"92",38.995709,-77.253003,NA,"Brassicaceae","Arabis laevigata",1981,4,4,2573000936,NA
"93",41.77,-86.25,NA,"Brassicaceae","Arabis laevigata",1981,6,3,1305258642,NA
"94",36.236763,-91.230901,NA,"Brassicaceae","Arabis laevigata",1980,4,18,3470664729,NA
"95",36.295942,-91.248085,NA,"Brassicaceae","Arabis laevigata",1980,4,6,3470664734,NA
"96",34.65,-86.3,NA,"Brassicaceae","Arabis laevigata",1980,5,8,3744699998,NA
"97",43.840223,-79.093666,NA,"Brassicaceae","Arabis laevigata",1980,5,28,1899338659,NA
"98",41.754,-74.153,1,"Brassicaceae","Arabis laevigata",1980,5,17,3408344966,"Fruiting"
"99",36.973611,-87.2075,NA,"Brassicaceae","Arabis laevigata",1980,6,12,1978077167,NA
"100",41.95,-86.3,NA,"Brassicaceae","Arabis laevigata",1980,7,17,1305258526,NA
"101",42.616667,-80.283333,NA,"Brassicaceae","Arabis laevigata",1980,8,3,732468998,NA
"102",41.754,-74.153,1,"Brassicaceae","Arabis laevigata",1979,5,1,3408404943,NA
"103",41.754,-74.153,1,"Brassicaceae","Arabis laevigata",1979,5,6,3408340928,NA
"104",41.754,-74.153,2,"Brassicaceae","Arabis laevigata",1979,5,10,3408414945,NA
"105",41.754,-74.153,1,"Brassicaceae","Arabis laevigata",1979,5,19,3408338929,"Fruiting"
"106",41.754,-74.153,1,"Brassicaceae","Arabis laevigata",1979,5,30,3408418941,NA
"107",33.67,-87.38,NA,"Brassicaceae","Arabis laevigata",1977,4,2,3744699983,NA
"108",43.608221,-88.169127,NA,"Brassicaceae","Arabis laevigata",1976,5,22,1305232047,NA
"109",35.29586,-92.390037,NA,"Brassicaceae","Arabis laevigata",1975,3,27,3897108639,NA
"110",43.025088,-89.829857,NA,"Brassicaceae","Arabis laevigata",1975,5,26,1305242432,NA
"111",43.300517,-87.993904,NA,"Brassicaceae","Arabis laevigata",1975,6,6,1305234470,NA
"112",43.505933,-88.21057,NA,"Brassicaceae","Arabis laevigata",1975,6,14,1305242185,NA
"113",44.3,-76.2,NA,"Brassicaceae","Arabis laevigata",1975,6,13,732468987,NA
"114",36.321568,-91.12235,NA,"Brassicaceae","Arabis laevigata",1974,3,31,3470664737,NA
"115",39.901737,-76.366181,NA,"Brassicaceae","Arabis laevigata",1974,5,2,3331200019,NA
"116",34.52,-87.72,NA,"Brassicaceae","Arabis laevigata",1973,3,28,3744699995,NA
"117",34.668452,-80.526391,NA,"Brassicaceae","Arabis laevigata",1973,4,14,2234326301,NA
"118",44.299674,-89.853432,NA,"Brassicaceae","Arabis laevigata",1972,6,14,1305204696,NA
"119",39.798,-76.295,NA,"Brassicaceae","Arabis laevigata",1970,5,27,3331197251,NA
"120",41.754,-74.153,1,"Brassicaceae","Arabis laevigata",1970,5,10,3408305749,NA
"121",41.754,-74.153,2,"Brassicaceae","Arabis laevigata",1970,5,15,3408379752,NA
"122",39.961029,-76.342286,NA,"Brassicaceae","Arabis laevigata",1969,4,17,3331191518,NA
"123",41.153495,-74.574829,NA,"Brassicaceae","Arabis laevigata",1967,5,6,2242396840,NA
"124",35.935338,-83.930679,NA,"Brassicaceae","Arabis laevigata",1966,3,21,1989999757,NA
"125",35.946558,-83.916318,NA,"Brassicaceae","Arabis laevigata",1965,4,10,1989999724,NA
"126",45.033333,-74.666667,NA,"Brassicaceae","Arabis laevigata",1964,5,28,732468991,NA
"127",45.033333,-74.566667,NA,"Brassicaceae","Arabis laevigata",1964,5,28,732468992,NA
"128",39.827415,-76.290777,NA,"Brassicaceae","Arabis laevigata",1963,4,29,3865367019,NA
"129",45.266667,-74.183333,NA,"Brassicaceae","Arabis laevigata",1963,6,27,732468986,NA
"130",44.15,-77.3,NA,"Brassicaceae","Arabis laevigata",1963,6,15,732468990,NA
"131",35.854247,-84.086856,NA,"Brassicaceae","Arabis laevigata",1961,4,13,1989999699,NA
"132",40.1321,-76.710506,NA,"Brassicaceae","Arabis laevigata",1961,5,1,3865093874,NA
