"latitude","longitude","individualCount","family","species","year","month","day","gbifID","lifeStage"
39.497918,-88.233127,NA,"Brassicaceae","Arabis laevigata",2021,4,25,4081312018,NA
40.538192,-78.156206,NA,"Brassicaceae","Arabis laevigata",2019,6,20,2859221996,NA
39.194591,-86.514367,NA,"Brassicaceae","Arabis laevigata",2017,4,11,2270496976,NA
39.767868,-78.447865,NA,"Brassicaceae","Arabis laevigata",2015,5,13,2859479482,NA
40.977311,-75.141169,NA,"Brassicaceae","Arabis laevigata",2015,5,21,2859505512,NA
41.754,-74.153,1,"Brassicaceae","Arabis laevigata",2014,5,5,3408370289,"Flowering"
38.892,-78.146,NA,"Brassicaceae","Arabis laevigata",2013,5,1,2251340350,NA
36.390481,-83.853842,NA,"Brassicaceae","Arabis laevigata",2012,3,21,1989999852,NA
40.486016,-78.161855,NA,"Brassicaceae","Arabis laevigata",2012,4,18,2859480786,NA
41.754,-74.153,5,"Brassicaceae","Arabis laevigata",2012,5,3,3408441076,NA
41.754,-74.153,1,"Brassicaceae","Arabis laevigata",2011,4,28,3408334896,NA
41.754,-74.153,1,"Brassicaceae","Arabis laevigata",2011,5,5,3408369858,NA
37.707481,-84.480286,NA,"Brassicaceae","Arabis laevigata",2010,3,29,1978074687,NA
41.754,-74.153,1,"Brassicaceae","Arabis laevigata",2010,4,15,3408330664,NA
40.40931,-79.682272,NA,"Brassicaceae","Arabis laevigata",2009,4,28,2859095226,NA
41.754,-74.153,1,"Brassicaceae","Arabis laevigata",2009,4,22,3408438373,NA
41.754,-74.153,1,"Brassicaceae","Arabis laevigata",2009,4,30,3408396345,NA
40.515714,-79.415426,NA,"Brassicaceae","Arabis laevigata",2009,7,6,2859364424,NA
40.387588,-79.115874,NA,"Brassicaceae","Arabis laevigata",2008,4,30,2859111207,NA
41.754,-74.153,1,"Brassicaceae","Arabis laevigata",2008,4,24,3408330071,NA
41.754,-74.153,1,"Brassicaceae","Arabis laevigata",2008,5,8,3408393051,NA
40.564721,-79.518233,NA,"Brassicaceae","Arabis laevigata",2008,6,18,2859401427,NA
34.58,-87.66,NA,"Brassicaceae","Arabis laevigata",2007,4,7,3744699996,NA
41.754,-74.153,1,"Brassicaceae","Arabis laevigata",2007,4,26,3408367693,NA
41.754,-74.153,1,"Brassicaceae","Arabis laevigata",2007,4,30,3408400731,NA
41.754,-74.153,1,"Brassicaceae","Arabis laevigata",2007,5,10,3408399728,NA
34.53,-86.3,NA,"Brassicaceae","Arabis laevigata",2006,3,25,3744699990,NA
41.754,-74.153,1,"Brassicaceae","Arabis laevigata",2006,4,20,3408357324,NA
39.360861,-77.739972,NA,"Brassicaceae","Arabis laevigata",2006,5,2,4075457724,NA
41.754,-74.153,1,"Brassicaceae","Arabis laevigata",2006,5,2,3408359338,NA
38.7225,-88.7626,NA,"Brassicaceae","Arabis laevigata",2006,6,23,4081290132,NA
40.415384,-77.56911,NA,"Brassicaceae","Arabis laevigata",2006,7,18,2859105499,NA
41.754,-74.153,2,"Brassicaceae","Arabis laevigata",2006,7,7,3408434542,NA
41.754,-74.153,1,"Brassicaceae","Arabis laevigata",2005,4,25,3408359011,NA
41.754,-74.153,5,"Brassicaceae","Arabis laevigata",2005,4,26,3408324038,NA
41.754,-74.153,2,"Brassicaceae","Arabis laevigata",2005,4,29,3408325053,NA
40.34226,-89.14713,NA,"Brassicaceae","Arabis laevigata",2005,5,24,4081292583,NA
39.649508,-82.744337,NA,"Brassicaceae","Arabis laevigata",2005,5,7,4088571077,NA
41.754,-74.153,1,"Brassicaceae","Arabis laevigata",2005,5,14,3408388046,NA
36.11175,-83.766571,NA,"Brassicaceae","Arabis laevigata",2004,3,28,1989999720,NA
36.268412,-93.943855,NA,"Brassicaceae","Arabis laevigata",2004,4,3,3695164192,NA
41.754,-74.153,2,"Brassicaceae","Arabis laevigata",2004,5,6,3408398823,NA
41.754,-74.153,2,"Brassicaceae","Arabis laevigata",2004,10,21,3408324934,NA
33.7,-87.47,NA,"Brassicaceae","Arabis laevigata",2003,3,20,3744699794,NA
40.9802,-74.3216,NA,"Brassicaceae","Arabis laevigata",2003,5,29,3865100038,NA
40.969584,-76.368944,NA,"Brassicaceae","Arabis laevigata",2003,5,8,2859245764,NA
40.972803,-76.465563,NA,"Brassicaceae","Arabis laevigata",2003,5,16,2859243737,NA
41.754,-74.153,1,"Brassicaceae","Arabis laevigata",2003,5,8,3408432600,NA
40.462017,-78.199732,NA,"Brassicaceae","Arabis laevigata",2003,6,11,2859368480,NA
40.735612,-75.152743,NA,"Brassicaceae","Arabis laevigata",2003,6,4,3865094989,NA
41.022694,-76.442254,NA,"Brassicaceae","Arabis laevigata",2003,7,3,2859222753,NA
41.754,-74.153,1,"Brassicaceae","Arabis laevigata",2002,4,18,3408398345,NA
41.754,-74.153,1,"Brassicaceae","Arabis laevigata",2001,4,27,3408355075,NA
41.754,-74.153,1,"Brassicaceae","Arabis laevigata",2001,5,11,3408350093,NA
35.850868,-84.058839,NA,"Brassicaceae","Arabis laevigata",2000,4,1,1989999707,NA
41.754,-74.153,1,"Brassicaceae","Arabis laevigata",2000,4,19,3408349854,NA
35.0748,-82.2335,NA,"Brassicaceae","Arabis laevigata",2000,6,13,3344418327,"Mature"
41.754,-74.153,1,"Brassicaceae","Arabis laevigata",1999,5,10,3408382713,"Flowering"
41.754,-74.153,1,"Brassicaceae","Arabis laevigata",1998,4,17,3408389522,NA
41.754,-74.153,2,"Brassicaceae","Arabis laevigata",1998,4,21,3408356508,NA
33.89,-86.82,NA,"Brassicaceae","Arabis laevigata",1997,3,14,3744700003,NA
41.754,-74.153,1,"Brassicaceae","Arabis laevigata",1997,4,22,3408354336,"Flowering"
41.754,-74.153,1,"Brassicaceae","Arabis laevigata",1997,5,2,3408417377,NA
41.754,-74.153,4,"Brassicaceae","Arabis laevigata",1997,5,8,3408390372,NA
41.754,-74.153,1,"Brassicaceae","Arabis laevigata",1996,5,6,3408311204,NA
41.754,-74.153,1,"Brassicaceae","Arabis laevigata",1996,5,31,3408313224,NA
41.8306,-77.955646,NA,"Brassicaceae","Arabis laevigata",1996,6,24,3865100007,NA
41.754,-74.153,1,"Brassicaceae","Arabis laevigata",1995,5,2,3408348036,"Flowering"
41.754,-74.153,1,"Brassicaceae","Arabis laevigata",1994,4,29,3408419875,NA
37.943544,-81.091241,NA,"Brassicaceae","Arabis laevigata",1993,5,13,4072331538,NA
41.754,-74.153,1,"Brassicaceae","Arabis laevigata",1993,5,6,3408388697,NA
34.86888,-93.107078,NA,"Brassicaceae","Arabis laevigata",1991,3,26,3698763786,NA
41.754,-74.153,1,"Brassicaceae","Arabis laevigata",1991,4,19,3408346355,NA
41.754,-74.153,1,"Brassicaceae","Arabis laevigata",1991,5,6,3408312387,NA
41.754,-74.153,1,"Brassicaceae","Arabis laevigata",1991,5,8,3408345378,NA
41.754,-74.153,1,"Brassicaceae","Arabis laevigata",1991,5,9,3408346373,NA
38,-85,NA,"Brassicaceae","Arabis laevigata",1990,4,21,1978037732,NA
38,-85,NA,"Brassicaceae","Arabis laevigata",1990,5,15,1978037769,NA
38.205556,-84.895833,NA,"Brassicaceae","Arabis laevigata",1990,5,12,1978077206,NA
42.807002,-87.864613,NA,"Brassicaceae","Arabis laevigata",1989,5,15,1305236566,NA
43.505933,-88.21057,NA,"Brassicaceae","Arabis laevigata",1989,5,20,1305236110,NA
34.286655,-84.589067,NA,"Brassicaceae","Arabis laevigata",1988,4,14,3344418314,"Mature"
34.8,-87.7,NA,"Brassicaceae","Arabis laevigata",1988,4,9,3744699994,NA
43.465018,-88.530965,NA,"Brassicaceae","Arabis laevigata",1988,7,11,1305235342,NA
43.505933,-88.21057,NA,"Brassicaceae","Arabis laevigata",1988,7,27,1305235820,NA
43.608221,-88.169127,NA,"Brassicaceae","Arabis laevigata",1987,5,21,1305228249,NA
43.608221,-88.169127,NA,"Brassicaceae","Arabis laevigata",1987,5,27,1305228286,NA
39.708887,-78.331352,NA,"Brassicaceae","Arabis laevigata",1986,5,26,3344418275,"Mature"
39.968147,-80.44975,NA,"Brassicaceae","Arabis laevigata",1985,4,17,2859391540,NA
33.24,-87.43,NA,"Brassicaceae","Arabis laevigata",1983,3,29,3744685541,NA
39.49418,-77.826164,NA,"Brassicaceae","Arabis laevigata",1981,3,29,2573003317,NA
38.995709,-77.253003,NA,"Brassicaceae","Arabis laevigata",1981,4,4,2573000936,NA
41.77,-86.25,NA,"Brassicaceae","Arabis laevigata",1981,6,3,1305258642,NA
36.236763,-91.230901,NA,"Brassicaceae","Arabis laevigata",1980,4,18,3470664729,NA
36.295942,-91.248085,NA,"Brassicaceae","Arabis laevigata",1980,4,6,3470664734,NA
34.65,-86.3,NA,"Brassicaceae","Arabis laevigata",1980,5,8,3744699998,NA
43.840223,-79.093666,NA,"Brassicaceae","Arabis laevigata",1980,5,28,1899338659,NA
41.754,-74.153,1,"Brassicaceae","Arabis laevigata",1980,5,17,3408344966,"Fruiting"
36.973611,-87.2075,NA,"Brassicaceae","Arabis laevigata",1980,6,12,1978077167,NA
41.95,-86.3,NA,"Brassicaceae","Arabis laevigata",1980,7,17,1305258526,NA
42.616667,-80.283333,NA,"Brassicaceae","Arabis laevigata",1980,8,3,732468998,NA
