"","latitude","longitude","individualCount","family","species","year","month","day","datasetName","gbifID","lifeStage"
"1",38.851187,-78.328217,NA,"Brassicaceae","Borodinia laevigata",2021,4,7,NA,3357381395,NA
"2",41.75,-74.15,NA,"Brassicaceae","Borodinia laevigata",2020,4,10,NA,3855232032,"Flowering"
"3",36.120033,-81.7857,NA,"Brassicaceae","Borodinia laevigata",2019,4,22,NA,2247687142,NA
"4",36.121567,-81.79385,NA,"Brassicaceae","Borodinia laevigata",2019,4,22,NA,2247687229,NA
"5",40.1093,-78.3117,NA,"Brassicaceae","Borodinia laevigata",2019,4,28,NA,2859246832,NA
"6",36.43516,-93.77003,NA,"Brassicaceae","Borodinia laevigata",2019,4,30,NA,3435794392,NA
"7",41.75,-74.15,NA,"Brassicaceae","Borodinia laevigata",2019,4,24,NA,3855232033,"Flowering"
"8",40.8454,-80.3189,NA,"Brassicaceae","Borodinia laevigata",2019,5,25,NA,2859508804,NA
"9",40.949276,-79.318839,NA,"Brassicaceae","Borodinia laevigata",2019,5,2,NA,3312930316,NA
"10",37.836022,-83.663322,NA,"Brassicaceae","Borodinia laevigata",2018,4,12,NA,1978007628,NA
"11",39.9086,-80.08729,NA,"Brassicaceae","Borodinia laevigata",2018,4,24,NA,2859222986,NA
"12",37.728806,-90.650278,1,"Brassicaceae","Borodinia laevigata",2018,4,30,"Tropicos",2268941354,NA
"13",39.2875,-77.736817,NA,"Brassicaceae","Borodinia laevigata",2018,5,8,NA,3357412482,NA
"14",41.75,-74.15,NA,"Brassicaceae","Borodinia laevigata",2018,5,4,NA,3855232026,"Flowering"
"15",41.339,-79.1859,NA,"Brassicaceae","Borodinia laevigata",2018,7,6,NA,2859481977,NA
"16",39.287417,-77.7365,NA,"Brassicaceae","Borodinia laevigata",2017,4,7,NA,3357402361,NA
"17",41.75,-74.15,NA,"Brassicaceae","Borodinia laevigata",2017,4,20,NA,3855232041,"Flowering"
"18",40.77617,-78.53654,NA,"Brassicaceae","Borodinia laevigata",2017,5,5,NA,3382659320,NA
"19",42.60825,-85.973417,NA,"Brassicaceae","Borodinia laevigata",2017,5,12,NA,1988844784,NA
"20",35.013233,-85.342125,NA,"Brassicaceae","Borodinia laevigata",2016,4,2,NA,3470664104,NA
"21",41.75,-74.15,NA,"Brassicaceae","Borodinia laevigata",2016,4,19,NA,3855232039,"Flowering"
"22",41.264705,-72.73493,1,"Brassicaceae","Borodinia laevigata",2016,5,11,NA,1270751702,NA
"23",36.5354,-90.60705,1,"Brassicaceae","Borodinia laevigata",2016,6,7,"Tropicos",2268821075,NA
"24",38.511611,-91.609778,1,"Brassicaceae","Borodinia laevigata",2015,4,15,"Tropicos",1258138165,NA
"25",38.435583,-91.6565,1,"Brassicaceae","Borodinia laevigata",2015,5,12,"Tropicos",1258149736,NA
"26",38.532408,-90.635994,NA,"Brassicaceae","Borodinia laevigata",2015,5,9,"Tropicos",1258168533,NA
"27",37.961972,-90.532528,1,"Brassicaceae","Borodinia laevigata",2014,4,22,"Tropicos",1258041005,NA
"28",38.6781,-90.7108,1,"Brassicaceae","Borodinia laevigata",2014,4,17,"Tropicos",1258045510,NA
"29",40.43512,-78.275277,NA,"Brassicaceae","Borodinia laevigata",2014,5,8,NA,2859505617,NA
"30",35.11753,-84.58002,NA,"Brassicaceae","Borodinia laevigata",2014,5,6,NA,2640536423,NA
"31",41.87848,-83.68767,NA,"Brassicaceae","Borodinia laevigata",2014,6,1,NA,1988751071,NA
"32",36.6272,-94.2883,1,"Brassicaceae","Borodinia laevigata",2013,4,14,"Tropicos",1257961516,NA
"33",38.015111,-90.228194,1,"Brassicaceae","Borodinia laevigata",2013,4,21,"Tropicos",1257978757,NA
"34",39.810192,-78.71719,NA,"Brassicaceae","Borodinia laevigata",2013,5,7,NA,2859104495,NA
"35",38.889999,-78.150002,NA,"Brassicaceae","Borodinia laevigata",2013,5,1,NA,3350524890,NA
"36",38.43375,-91.660194,1,"Brassicaceae","Borodinia laevigata",2013,6,3,"Tropicos",1257979516,NA
"37",36.0384,-92.71477,NA,"Brassicaceae","Borodinia laevigata",2012,3,25,NA,930742895,NA
"38",36.0384,-92.71477,NA,"Brassicaceae","Borodinia laevigata",2012,3,27,NA,930742894,NA
"39",37.808472,-89.8905,1,"Brassicaceae","Borodinia laevigata",2012,3,26,"Tropicos",1257845396,NA
"40",37.447056,-89.453639,1,"Brassicaceae","Borodinia laevigata",2012,3,26,"Tropicos",1257845488,NA
"41",38.4692,-90.8031,NA,"Brassicaceae","Borodinia laevigata",2012,3,19,"Tropicos",1257985125,NA
"42",39.722801,-80.246296,NA,"Brassicaceae","Borodinia laevigata",2012,4,4,NA,2859402436,NA
"43",37.724695,-89.628944,1,"Brassicaceae","Borodinia laevigata",2012,4,16,"Tropicos",1257845740,NA
"44",45.549999,-73.171997,NA,"Brassicaceae","Borodinia laevigata",2012,6,6,NA,3987190311,NA
"45",45.55,-73.172,NA,"Brassicaceae","Borodinia laevigata",2012,6,6,NA,2251585297,NA
"46",41.75,-74.15,NA,"Brassicaceae","Borodinia laevigata",2011,4,28,NA,3855232038,"Flowering"
"47",37.01279,-92.06373,1,"Brassicaceae","Borodinia laevigata",2011,5,18,"Tropicos",1257855176,NA
"48",36.25946,-91.40892,NA,"Brassicaceae","Borodinia laevigata",2010,4,14,NA,3435799908,NA
"49",35.698183,-80.989933,NA,"Brassicaceae","Borodinia laevigata",2009,4,19,NA,2234308711,NA
"50",39.669251,-78.088855,NA,"Brassicaceae","Borodinia laevigata",2009,4,20,NA,2859104476,NA
"51",41.75,-74.15,NA,"Brassicaceae","Borodinia laevigata",2009,4,30,NA,3855232034,"Flowering"
"52",38.02972,-90.148611,1,"Brassicaceae","Borodinia laevigata",2009,4,4,"Tropicos",1257581874,NA
"53",38.569756,-90.773522,1,"Brassicaceae","Borodinia laevigata",2009,4,26,"Tropicos",1257581904,NA
"54",44.001967,-86.468633,NA,"Brassicaceae","Borodinia laevigata",2009,6,13,NA,1988891141,NA
"55",34.610001,-93.830002,NA,"Brassicaceae","Borodinia laevigata",2008,3,26,NA,4053203602,NA
"56",41.75,-74.15,NA,"Brassicaceae","Borodinia laevigata",2008,4,24,NA,3855232049,"Flowering"
"57",39.905,-79.915,NA,"Brassicaceae","Borodinia laevigata",2006,4,15,NA,2859120415,NA
"58",39.73028,-79.87944,NA,"Brassicaceae","Borodinia laevigata",2006,4,28,NA,2859107405,NA
"59",41.75,-74.15,NA,"Brassicaceae","Borodinia laevigata",2006,4,20,NA,3855232045,"Flowering"
"60",37.81277,-90.77222,NA,"Brassicaceae","Borodinia laevigata",2006,4,20,"Tropicos",1261004048,NA
"61",34.9573,-88.1774,NA,"Brassicaceae","Borodinia laevigata",2006,5,25,NA,3707742339,NA
"62",34.592556,-88.182083,NA,"Brassicaceae","Borodinia laevigata",2006,5,1,NA,3707742356,NA
"63",40.01,-80.05916,NA,"Brassicaceae","Borodinia laevigata",2005,4,19,NA,2859119404,NA
"64",39.99234,-80.43869,NA,"Brassicaceae","Borodinia laevigata",2005,4,29,NA,2859104427,NA
"65",33.0192,-88.4588,NA,"Brassicaceae","Borodinia laevigata",2005,4,16,NA,3707728316,NA
"66",41.75,-74.15,NA,"Brassicaceae","Borodinia laevigata",2005,4,25,NA,3855232047,"Flowering"
"67",40.20549,-80.00698,NA,"Brassicaceae","Borodinia laevigata",2005,5,29,NA,2859107411,NA
"68",42.04786,-89.34564,NA,"Brassicaceae","Borodinia laevigata",2005,5,17,NA,2573003561,NA
"69",40.17224,-80.4332,NA,"Brassicaceae","Borodinia laevigata",2005,7,15,NA,2859364384,NA
"70",40.86334,-77.80402,NA,"Brassicaceae","Borodinia laevigata",2005,7,28,NA,2859366415,NA
"71",41.63875,-88.502861,NA,"Brassicaceae","Borodinia laevigata",2005,7,19,NA,2573003398,NA
"72",41.6389,-88.5028,NA,"Brassicaceae","Borodinia laevigata",2005,7,19,NA,2565375159,NA
"73",34.983889,-88.226111,NA,"Brassicaceae","Borodinia laevigata",2004,4,19,NA,3707718682,NA
"74",42.01528,-80.38556,NA,"Brassicaceae","Borodinia laevigata",2004,5,15,NA,2859365356,NA
"75",36.29282,-87.09622,NA,"Brassicaceae","Borodinia laevigata",2004,5,23,NA,930741317,NA
"76",38.9694,-77.1767,1,"Brassicaceae","Borodinia laevigata",2004,5,1,"NMNH Extant Biology",1320097172,NA
"77",39.756667,-80.054167,NA,"Brassicaceae","Borodinia laevigata",2004,6,1,NA,2859403373,NA
"78",39.955278,-80.044722,NA,"Brassicaceae","Borodinia laevigata",2004,7,22,NA,2859365361,NA
"79",39.92889,-79.93694,NA,"Brassicaceae","Borodinia laevigata",2003,4,19,NA,2859399320,NA
"80",36.05899,-86.8047,NA,"Brassicaceae","Borodinia laevigata",2003,4,2,NA,930740464,NA
"81",36.06129,-86.79123,NA,"Brassicaceae","Borodinia laevigata",2003,4,30,NA,930740627,NA
"82",39.909444,-80.495278,NA,"Brassicaceae","Borodinia laevigata",2003,5,2,NA,2859119363,NA
"83",39.86472,-80.41306,NA,"Brassicaceae","Borodinia laevigata",2003,5,21,NA,2859106357,NA
"84",41.37667,-78.97333,NA,"Brassicaceae","Borodinia laevigata",2003,5,9,NA,2859403348,NA
"85",41.75,-74.15,NA,"Brassicaceae","Borodinia laevigata",2003,5,8,NA,3855231995,"Flowering"
"86",39.74889,-80.05389,NA,"Brassicaceae","Borodinia laevigata",2003,6,16,NA,2859365342,NA
"87",39.890833,-80.475833,NA,"Brassicaceae","Borodinia laevigata",2003,7,2,NA,2859123360,NA
"88",41.75,-74.15,NA,"Brassicaceae","Borodinia laevigata",2002,4,18,NA,3855231992,"Flowering"
"89",39.923588,-80.487276,NA,"Brassicaceae","Borodinia laevigata",2002,5,23,NA,2859105358,NA
"90",34.291538,-94.136153,NA,"Brassicaceae","Borodinia laevigata",2002,5,22,NA,3435799915,NA
"91",38.49388,-90.54416,1,"Brassicaceae","Borodinia laevigata",2002,5,4,"Tropicos",1259142870,NA
"92",40.932728,-78.538398,NA,"Brassicaceae","Borodinia laevigata",2002,6,7,NA,2859097204,NA
"93",41.128199,-78.702882,NA,"Brassicaceae","Borodinia laevigata",2002,6,25,NA,2859114210,NA
"94",39.930225,-80.500561,NA,"Brassicaceae","Borodinia laevigata",2002,6,7,NA,2859119352,NA
"95",45.318063,-85.2584,NA,"Brassicaceae","Borodinia laevigata",2001,6,10,NA,3829936829,NA
"96",34.8517,-85.4783,NA,"Brassicaceae","Borodinia laevigata",2000,4,8,NA,2565375181,"Immature"
"97",41.75,-74.15,NA,"Brassicaceae","Borodinia laevigata",2000,4,19,NA,3855231991,"Flowering"
"98",39.98333,-91.58861,NA,"Brassicaceae","Borodinia laevigata",1999,4,26,"Tropicos",1260954024,NA
"99",36.81777,-90.4,NA,"Brassicaceae","Borodinia laevigata",1999,4,17,"Tropicos",1260979729,NA
"100",39.86755,-79.508856,NA,"Brassicaceae","Borodinia laevigata",1999,5,17,NA,2859106414,NA
"101",38.3875,-77.38,1,"Brassicaceae","Borodinia laevigata",1999,5,10,"NMNH Extant Biology",1318451841,"Fruiting"
"102",41.75,-74.15,NA,"Brassicaceae","Borodinia laevigata",1999,5,10,NA,3855231990,"Flowering"
"103",40.43552,-79.90327,NA,"Brassicaceae","Borodinia laevigata",1998,5,16,NA,2859095286,NA
"104",41.03556,-80.10528,NA,"Brassicaceae","Borodinia laevigata",1998,5,25,NA,2859111289,NA
"105",40.83918,-84.347768,NA,"Brassicaceae","Borodinia laevigata",1998,7,21,NA,2859392252,NA
"106",40.482697,-80.02057,NA,"Brassicaceae","Borodinia laevigata",1997,5,31,NA,2859355248,NA
"107",41.37151,-79.923387,NA,"Brassicaceae","Borodinia laevigata",1997,6,7,NA,2859391242,NA
"108",34.675711,-80.537892,NA,"Brassicaceae","Borodinia laevigata",1996,4,18,NA,2573002385,NA
"109",34.23,-87.89,NA,"Brassicaceae","Borodinia laevigata",1996,4,13,NA,3744715525,NA
"110",40.16667,-80.48333,NA,"Brassicaceae","Borodinia laevigata",1996,5,27,NA,2859358222,NA
"111",39.98333,-80.15,NA,"Brassicaceae","Borodinia laevigata",1996,5,18,NA,2859401316,NA
"112",41.75,-74.15,NA,"Brassicaceae","Borodinia laevigata",1996,5,6,NA,3855232004,"Flowering"
"113",38.616667,-90.683333,4,"Brassicaceae","Borodinia laevigata",1996,5,16,"Tropicos",1258263130,NA
"114",41.03107,-84.070498,NA,"Brassicaceae","Borodinia laevigata",1996,6,12,NA,2859110235,NA
"115",39.730833,-78.338889,NA,"Brassicaceae","Borodinia laevigata",1996,6,10,NA,2859355245,NA
"116",40.013422,-78.423762,NA,"Brassicaceae","Borodinia laevigata",1996,7,24,NA,2859355294,NA
"117",40.01667,-78.43333,NA,"Brassicaceae","Borodinia laevigata",1996,7,26,NA,2859359283,NA
"118",33.806217,-84.14575,NA,"Brassicaceae","Borodinia laevigata",1995,3,28,NA,3709843924,NA
"119",35.1333,-82.35,NA,"Brassicaceae","Borodinia laevigata",1995,4,24,NA,1503231779,NA
"120",40.05,-79.4,NA,"Brassicaceae","Borodinia laevigata",1995,5,26,NA,2859357835,NA
"121",39.98333,-78.25,NA,"Brassicaceae","Borodinia laevigata",1995,5,8,NA,2859355846,NA
"122",40.70885,-79.5736,NA,"Brassicaceae","Borodinia laevigata",1995,5,7,NA,2859110272,NA
"123",41.75,-74.15,NA,"Brassicaceae","Borodinia laevigata",1995,5,2,NA,3855231996,"Flowering"
"124",41.45,-78.16667,NA,"Brassicaceae","Borodinia laevigata",1995,6,24,NA,2859390825,NA
"125",40.406389,-79.3375,NA,"Brassicaceae","Borodinia laevigata",1994,4,28,NA,2859110823,NA
"126",40.413889,-79.438889,NA,"Brassicaceae","Borodinia laevigata",1994,4,28,NA,2859354799,NA
"127",38.960795,-79.254462,NA,"Brassicaceae","Borodinia laevigata",1994,4,15,NA,2859394197,NA
"128",33.994,-88.5696,NA,"Brassicaceae","Borodinia laevigata",1994,4,19,NA,3707758712,NA
"129",41.75,-74.15,NA,"Brassicaceae","Borodinia laevigata",1994,4,29,NA,3855231994,"Flowering"
"130",40.091667,-79.636667,NA,"Brassicaceae","Borodinia laevigata",1994,5,11,NA,2859109820,NA
"131",37.04111,-91.68194,NA,"Brassicaceae","Borodinia laevigata",1994,5,7,"Tropicos",1260980731,NA
"132",41.325014,-79.879595,NA,"Brassicaceae","Borodinia laevigata",1994,6,5,NA,2859390238,NA
"133",40.39167,-79.74861,NA,"Brassicaceae","Borodinia laevigata",1993,4,23,NA,2859354767,NA
"134",40.61194,-79.68889,NA,"Brassicaceae","Borodinia laevigata",1993,4,30,NA,2859392748,NA
"135",40.36278,-79.74167,NA,"Brassicaceae","Borodinia laevigata",1993,4,30,NA,2859392749,NA
"136",40.39583,-79.70694,NA,"Brassicaceae","Borodinia laevigata",1993,4,23,NA,2859097783,NA
"137",39.93333,-80.1,NA,"Brassicaceae","Borodinia laevigata",1993,4,25,NA,2859402325,NA
"138",40.362778,-79.741667,NA,"Brassicaceae","Borodinia laevigata",1993,4,30,NA,2417982966,NA
"139",34,-88.566667,NA,"Brassicaceae","Borodinia laevigata",1993,4,23,NA,3707728781,NA
"140",37.4575,-89.46944,NA,"Brassicaceae","Borodinia laevigata",1993,4,24,"Tropicos",1260947433,NA
"141",40.191667,-79.312222,NA,"Brassicaceae","Borodinia laevigata",1993,5,2,NA,2859389754,NA
"142",40.270833,-79.341389,NA,"Brassicaceae","Borodinia laevigata",1993,5,2,NA,2859390764,NA
"143",40.2625,-79.291111,NA,"Brassicaceae","Borodinia laevigata",1993,5,1,NA,2859356770,NA
"144",38.254411,-82.035551,NA,"Brassicaceae","Borodinia laevigata",1993,5,12,NA,2859393796,NA
"145",41.75,-74.15,NA,"Brassicaceae","Borodinia laevigata",1993,5,6,NA,3855231993,"Flowering"
"146",41.11509,-79.67951,NA,"Brassicaceae","Borodinia laevigata",1993,6,28,NA,2859098761,NA
"147",40.17222,-79.76944,NA,"Brassicaceae","Borodinia laevigata",1992,4,28,NA,2859098721,NA
"148",38.125,-90.675,8,"Brassicaceae","Borodinia laevigata",1992,4,19,"Tropicos",1261291773,NA
"149",40.533272,-79.502952,NA,"Brassicaceae","Borodinia laevigata",1992,5,6,NA,2859355714,NA
"150",40.4375,-79.432222,NA,"Brassicaceae","Borodinia laevigata",1992,5,28,NA,2859097737,NA
"151",40.68005,-79.48215,NA,"Brassicaceae","Borodinia laevigata",1992,5,17,NA,2859359239,NA
"152",41.706,-84.59677,NA,"Brassicaceae","Borodinia laevigata",1992,5,8,NA,1989332348,NA
"153",34.86888,-93.107078,NA,"Brassicaceae","Borodinia laevigata",1991,3,26,NA,3897108370,NA
"154",36.74472,-90.51027,NA,"Brassicaceae","Borodinia laevigata",1991,3,31,"Tropicos",1260980454,NA
"155",40.63872,-79.75833,NA,"Brassicaceae","Borodinia laevigata",1991,4,28,NA,2859356264,NA
"156",41.75,-74.15,NA,"Brassicaceae","Borodinia laevigata",1991,5,6,NA,3855231997,"Flowering"
"157",37.95,-91.16666,1,"Brassicaceae","Borodinia laevigata",1990,4,19,"Tropicos",1261300233,NA
"158",38.122778,-90.675278,1,"Brassicaceae","Borodinia laevigata",1990,5,26,"Tropicos",1261295807,NA
"159",34.286655,-84.589067,NA,"Brassicaceae","Borodinia laevigata",1988,4,14,NA,3710070644,NA
"160",38.8872,-77.0558,1,"Brassicaceae","Borodinia laevigata",1988,4,17,"NMNH Extant Biology",1318994911,"Flowering"
"161",38.5732,-90.7701,4,"Brassicaceae","Borodinia laevigata",1988,4,10,"Tropicos",1261290248,NA
"162",41.833129,-84.467276,NA,"Brassicaceae","Borodinia laevigata",1988,5,22,NA,1989300730,NA
"163",39.79969,-83.882329,NA,"Brassicaceae","Borodinia laevigata",1988,6,8,NA,2859389563,NA
"164",38.556111,-90.428333,8,"Brassicaceae","Borodinia laevigata",1988,6,11,"Tropicos",1261291438,NA
"165",38.553333,-90.425556,5,"Brassicaceae","Borodinia laevigata",1987,5,6,"Tropicos",1261303933,NA
"166",36.281013,-86.30528,NA,"Brassicaceae","Borodinia laevigata",1986,4,20,NA,2573003184,NA
"167",34.872022,-85.50913,NA,"Brassicaceae","Borodinia laevigata",1986,4,21,NA,2573003904,NA
"168",37.55277,-93.69888,NA,"Brassicaceae","Borodinia laevigata",1986,4,7,"Tropicos",1260933407,NA
"169",38.125,-90.675,4,"Brassicaceae","Borodinia laevigata",1986,4,6,"Tropicos",1261291273,NA
"170",39.708887,-78.331352,NA,"Brassicaceae","Borodinia laevigata",1986,5,26,NA,2573007445,NA
"171",41.70861,-84.69004,NA,"Brassicaceae","Borodinia laevigata",1986,5,27,NA,1988679429,NA
"172",41.819682,-84.303275,NA,"Brassicaceae","Borodinia laevigata",1986,5,20,NA,1989171124,NA
"173",38.125,-90.675,2,"Brassicaceae","Borodinia laevigata",1986,6,1,"Tropicos",1261290160,NA
"174",38.68407,-77.054149,NA,"Brassicaceae","Borodinia laevigata",1985,3,30,NA,2573002929,NA
"175",41.941672,-83.954702,NA,"Brassicaceae","Borodinia laevigata",1985,4,18,NA,1988647238,NA
"176",39.968147,-80.44975,NA,"Brassicaceae","Borodinia laevigata",1985,4,17,NA,2859097529,NA
"177",39.960101,-80.487377,NA,"Brassicaceae","Borodinia laevigata",1985,4,17,NA,2859095546,NA
"178",41.9114,-84.03224,NA,"Brassicaceae","Borodinia laevigata",1985,4,18,NA,1988951638,NA
"179",38.08777,-92.5425,NA,"Brassicaceae","Borodinia laevigata",1985,4,28,"Tropicos",1261004686,NA
"180",38.613889,-90.791389,2,"Brassicaceae","Borodinia laevigata",1985,4,18,"Tropicos",1261299097,NA
"181",41.866224,-84.11131,NA,"Brassicaceae","Borodinia laevigata",1985,5,5,NA,1988942799,NA
"182",39.02555,-90.92638,NA,"Brassicaceae","Borodinia laevigata",1985,5,8,"Tropicos",1261000722,NA
"183",37.967894,-91.575566,NA,"Brassicaceae","Borodinia laevigata",1984,4,29,NA,2859097512,NA
"184",38.790313,-77.039198,NA,"Brassicaceae","Borodinia laevigata",1984,5,10,NA,2573003709,NA
"185",38.9694,-77.1767,1,"Brassicaceae","Borodinia laevigata",1983,4,14,"NMNH Extant Biology",1318043818,NA
"186",37.60505,-89.188415,NA,"Brassicaceae","Borodinia laevigata",1983,5,4,NA,2859358310,NA
"187",40.130196,-79.283019,NA,"Brassicaceae","Borodinia laevigata",1983,5,6,NA,2859110550,NA
"188",33.554167,-88.7825,NA,"Brassicaceae","Borodinia laevigata",1983,5,10,NA,3707718352,NA
"189",42.4833,-81.6667,1,"Brassicaceae","Borodinia laevigata",1983,6,12,"Vascular Plant",1804471640,NA
"190",39.987587,-78.059449,NA,"Brassicaceae","Borodinia laevigata",1982,5,8,NA,2859347246,NA
"191",37.234443,-88.496709,NA,"Brassicaceae","Borodinia laevigata",1982,5,5,NA,2859102292,NA
"192",43.79975,-73.08017,NA,"Brassicaceae","Borodinia laevigata",1981,5,23,NA,2573058828,NA
"193",41.279,-72.79676,NA,"Brassicaceae","Borodinia laevigata",1981,5,2,NA,2573067148,NA
"194",35.884275,-82.798747,NA,"Brassicaceae","Borodinia laevigata",1981,6,5,NA,2234307575,NA
"195",44.30894,-73.23596,NA,"Brassicaceae","Borodinia laevigata",1981,6,27,NA,2573076505,NA
"196",41.961849,-86.316785,NA,"Brassicaceae","Borodinia laevigata",1981,6,27,NA,1989464012,NA
"197",36.525444,-87.903747,NA,"Brassicaceae","Borodinia laevigata",1980,4,28,NA,2234306693,NA
"198",34.96244,-88.18592,NA,"Brassicaceae","Borodinia laevigata",1979,4,10,NA,3707747936,NA
"199",34.93458,-88.17807,NA,"Brassicaceae","Borodinia laevigata",1979,4,9,NA,3707747844,NA
"200",34.95393,-88.18537,NA,"Brassicaceae","Borodinia laevigata",1979,4,11,NA,3707719458,NA
"201",36.59111,-93.84083,NA,"Brassicaceae","Borodinia laevigata",1979,4,20,"Tropicos",1260947707,NA
"202",40.525472,-78.165769,NA,"Brassicaceae","Borodinia laevigata",1979,5,1,NA,2859112576,NA
"203",35.283333,-82.883333,NA,"Brassicaceae","Borodinia laevigata",1979,5,14,NA,2417958873,NA
"204",34.95393,-88.18537,NA,"Brassicaceae","Borodinia laevigata",1979,5,15,NA,3707762293,NA
"205",34.95393,-88.18537,NA,"Brassicaceae","Borodinia laevigata",1979,5,14,NA,3707748767,NA
"206",41.75,-74.15,NA,"Brassicaceae","Borodinia laevigata",1979,5,1,NA,3855232009,"Flowering"
"207",39.475276,-81.263082,NA,"Brassicaceae","Borodinia laevigata",1978,4,23,NA,2859100935,NA
"208",38.3794,-90.3921,NA,"Brassicaceae","Borodinia laevigata",1978,5,14,"Tropicos",1260996439,NA
"209",37.075927,-82.981551,NA,"Brassicaceae","Borodinia laevigata",1978,6,4,NA,2234308785,NA
"210",38.898056,-90.358056,1,"Brassicaceae","Borodinia laevigata",1978,6,21,"Tropicos",1260938350,NA
"211",38.37,-83.13,NA,"Brassicaceae","Borodinia laevigata",1977,4,23,NA,2575156218,NA
"212",37.84,-84.65,NA,"Brassicaceae","Borodinia laevigata",1977,4,7,NA,2575155272,NA
"213",38.4722,-90.4416,NA,"Brassicaceae","Borodinia laevigata",1977,4,17,"Tropicos",1260996342,NA
"214",40.38205,-78.52345,NA,"Brassicaceae","Borodinia laevigata",1976,4,24,NA,2859112579,NA
"215",39.750228,-79.918754,NA,"Brassicaceae","Borodinia laevigata",1975,4,28,NA,2859335754,NA
"216",37.67916,-92.93333,NA,"Brassicaceae","Borodinia laevigata",1975,4,30,"Tropicos",1260933777,NA
"217",34.669358,-80.541686,NA,"Brassicaceae","Borodinia laevigata",1975,5,10,NA,2859090054,NA
"218",38.21573,-96.15642,NA,"Brassicaceae","Borodinia laevigata",1975,5,5,NA,1055071601,NA
"219",37.554444,-90.833611,1,"Brassicaceae","Borodinia laevigata",1975,5,21,"Tropicos",1261004687,NA
"220",40.988945,-79.587591,NA,"Brassicaceae","Borodinia laevigata",1974,4,30,NA,2859369763,NA
"221",39.672168,-81.72402,NA,"Brassicaceae","Borodinia laevigata",1974,4,17,NA,2859345962,NA
"222",40.621196,-80.456354,NA,"Brassicaceae","Borodinia laevigata",1974,4,29,NA,2859344960,NA
"223",34.674488,-80.498021,NA,"Brassicaceae","Borodinia laevigata",1974,4,13,NA,2859085053,NA
"224",37.38263,-80.09124,NA,"Brassicaceae","Borodinia laevigata",1974,4,7,NA,2573003824,NA
"225",35.387592,-82.941864,NA,"Brassicaceae","Borodinia laevigata",1974,5,23,NA,2234308396,NA
"226",35.716529,-82.880423,NA,"Brassicaceae","Borodinia laevigata",1974,5,18,NA,2234306690,NA
"227",35.368611,-82.933056,NA,"Brassicaceae","Borodinia laevigata",1974,5,23,NA,2234308206,NA
"228",35.373721,-82.760684,NA,"Brassicaceae","Borodinia laevigata",1974,5,21,NA,2234307617,NA
"229",35.322778,-83.631111,NA,"Brassicaceae","Borodinia laevigata",1974,5,26,NA,2234307913,NA
"230",35.899097,-82.849126,NA,"Brassicaceae","Borodinia laevigata",1974,5,16,NA,2234408916,NA
"231",34.660863,-80.516735,NA,"Brassicaceae","Borodinia laevigata",1973,4,14,NA,2859345245,NA
"232",36.75,-93.16666,NA,"Brassicaceae","Borodinia laevigata",1973,4,28,"Tropicos",1260929757,NA
"233",38.49527,-90.81722,1,"Brassicaceae","Borodinia laevigata",1973,4,18,"Tropicos",1260964371,NA
"234",38.2972,-90.5225,2,"Brassicaceae","Borodinia laevigata",1973,6,3,"Tropicos",1258982907,NA
"235",39.88077,-80.227,NA,"Brassicaceae","Borodinia laevigata",1972,4,27,NA,2859338746,NA
"236",38.48972,-90.81666,NA,"Brassicaceae","Borodinia laevigata",1972,4,27,"Tropicos",1261000042,NA
"237",40.855451,-78.724196,NA,"Brassicaceae","Borodinia laevigata",1972,5,30,NA,2859337765,NA
"238",36.616667,-93.25,NA,"Brassicaceae","Borodinia laevigata",1971,4,17,NA,3091240890,NA
"239",35.73577,-79.09054,NA,"Brassicaceae","Borodinia laevigata",1971,4,21,NA,3496964685,NA
"240",36.882361,-80.224503,NA,"Brassicaceae","Borodinia laevigata",1971,4,13,NA,3496964678,NA
"241",36.756944,-90.392778,NA,"Brassicaceae","Borodinia laevigata",1971,4,17,"Tropicos",1258842543,NA
"242",36.786844,-91.34787,NA,"Brassicaceae","Borodinia laevigata",1971,4,17,"Tropicos",1260997162,NA
"243",40.99367,-79.61671,NA,"Brassicaceae","Borodinia laevigata",1971,5,26,NA,2859334748,NA
"244",36.943844,-80.340371,NA,"Brassicaceae","Borodinia laevigata",1970,4,22,NA,3496964686,NA
"245",38.47,-90.82,1,"Brassicaceae","Borodinia laevigata",1970,4,23,"Tropicos",2268914922,NA
"246",37.47222,-89.49361,NA,"Brassicaceae","Borodinia laevigata",1970,4,29,"Tropicos",1260994813,NA
"247",41.167746,-77.487742,NA,"Brassicaceae","Borodinia laevigata",1970,5,6,NA,2859371753,NA
"248",40.134614,-79.279438,NA,"Brassicaceae","Borodinia laevigata",1970,5,4,NA,2859372749,NA
"249",41.393037,-78.185132,NA,"Brassicaceae","Borodinia laevigata",1970,5,7,NA,2859373773,NA
"250",42.300243,-83.662835,NA,"Brassicaceae","Borodinia laevigata",1970,5,27,NA,1988766307,NA
"251",41.75,-74.15,NA,"Brassicaceae","Borodinia laevigata",1970,5,10,NA,3855231998,"Flowering"
"252",39.4301,-77.804161,NA,"Brassicaceae","Borodinia laevigata",1969,4,17,NA,3091240900,NA
"253",35.227433,-80.245425,NA,"Brassicaceae","Borodinia laevigata",1969,4,7,NA,3496964676,NA
"254",35.556226,-82.452621,NA,"Brassicaceae","Borodinia laevigata",1969,5,23,NA,2234310764,NA
"255",35.25008,-83.077291,NA,"Brassicaceae","Borodinia laevigata",1969,5,23,NA,2273380353,NA
"256",37.10027,-91.73583,NA,"Brassicaceae","Borodinia laevigata",1969,6,27,"Tropicos",1261004674,NA
"257",33.107761,-88.519785,NA,"Brassicaceae","Borodinia laevigata",1968,3,31,NA,3829936815,NA
"258",40.80229,-79.99355,NA,"Brassicaceae","Borodinia laevigata",1968,4,23,NA,2859334762,NA
"259",38.29444,-85.99403,NA,"Brassicaceae","Borodinia laevigata",1968,4,21,NA,1055071602,NA
"260",37.6167,-94.8167,NA,"Brassicaceae","Borodinia laevigata",1968,4,9,NA,2565375170,NA
"261",35.167283,-93.644972,NA,"Brassicaceae","Borodinia laevigata",1968,5,8,NA,2234306889,NA
"262",43.18472,-84.115,NA,"Brassicaceae","Borodinia laevigata",1968,5,12,NA,1989432460,NA
"263",36.951117,-88.109376,NA,"Brassicaceae","Borodinia laevigata",1967,4,13,NA,2234307831,NA
"264",38.29444,-85.99403,NA,"Brassicaceae","Borodinia laevigata",1967,4,15,NA,1055071590,NA
"265",41.406879,-74.020901,NA,"Brassicaceae","Borodinia laevigata",1967,6,20,NA,2859096988,NA
"266",38.985,-77.2436,1,"Brassicaceae","Borodinia laevigata",1967,6,2,"NMNH Extant Biology",1321941390,"Fruiting"
"267",41.120746,-80.197341,NA,"Brassicaceae","Borodinia laevigata",1967,7,6,NA,2859337777,NA
"268",35.947707,-83.934456,NA,"Brassicaceae","Borodinia laevigata",1966,3,21,NA,3091240903,NA
"269",36.471817,-79.745533,NA,"Brassicaceae","Borodinia laevigata",1966,4,4,NA,2234307577,NA
"270",40.308571,-79.774758,NA,"Brassicaceae","Borodinia laevigata",1966,5,13,NA,2859079769,NA
"271",41.012827,-78.455415,NA,"Brassicaceae","Borodinia laevigata",1966,5,26,NA,2859372752,NA
"272",37.85161,-78.92252,NA,"Brassicaceae","Borodinia laevigata",1966,5,4,NA,3091240893,NA
"273",42.21203,-84.10299,NA,"Brassicaceae","Borodinia laevigata",1966,5,14,NA,1055071595,NA
"274",40.3167,-78.9167,NA,"Brassicaceae","Borodinia laevigata",1965,5,3,NA,2565375163,NA
"275",41.760523,-84.242208,NA,"Brassicaceae","Borodinia laevigata",1965,5,23,NA,1989554891,NA
"276",41.066887,-80.089784,NA,"Brassicaceae","Borodinia laevigata",1964,5,14,NA,2859081770,NA
"277",40.264908,-79.898756,NA,"Brassicaceae","Borodinia laevigata",1963,4,20,NA,2859337766,NA
"278",40.26231,-78.98673,NA,"Brassicaceae","Borodinia laevigata",1963,5,7,NA,2859087762,NA
"279",43.12278,-83.57694,NA,"Brassicaceae","Borodinia laevigata",1962,5,11,NA,1989198629,NA
"280",38.7922,-77.8392,1,"Brassicaceae","Borodinia laevigata",1962,7,26,"NMNH Extant Biology",1322341062,NA
"281",35.898127,-79.266792,NA,"Brassicaceae","Borodinia laevigata",1961,4,19,NA,2234306224,NA
"282",40.238962,-79.771737,NA,"Brassicaceae","Borodinia laevigata",1961,5,12,NA,2859080764,NA
"283",40.231533,-79.766988,NA,"Brassicaceae","Borodinia laevigata",1961,5,12,NA,2859092763,NA
"284",40.672518,-80.508169,NA,"Brassicaceae","Borodinia laevigata",1961,5,17,NA,2859335759,NA
"285",40.676109,-80.540236,NA,"Brassicaceae","Borodinia laevigata",1961,5,17,NA,2859392956,NA
"286",36.162172,-82.251761,NA,"Brassicaceae","Borodinia laevigata",1961,6,16,NA,2234306396,NA
"287",35.773345,-79.156574,NA,"Brassicaceae","Borodinia laevigata",1960,4,25,NA,2234309931,NA
"288",35.564447,-81.291555,NA,"Brassicaceae","Borodinia laevigata",1960,4,19,NA,3496964682,NA
"289",38.9694,-77.1767,1,"Brassicaceae","Borodinia laevigata",1960,4,30,"NMNH Extant Biology",1320615092,NA
"290",40.963156,-80.130754,NA,"Brassicaceae","Borodinia laevigata",1960,5,6,NA,2859088755,NA
"291",35.484371,-79.522069,NA,"Brassicaceae","Borodinia laevigata",1960,6,11,NA,2234306410,NA
